date,hour_of_day,total_spent,items_purchased,avg_item_price,unique_products,preferred_payment,is_weekend,is_peak_hour,segment
2024-03-01,10,38.7,1,38.7,1,card,False,True,0
2024-03-01,12,77.4,2,38.7,1,card,False,False,0
2024-03-01,13,67.6,2,33.8,2,card,False,False,3
2024-03-01,15,33.8,1,33.8,1,card,False,True,0
2024-03-01,16,38.7,1,38.7,1,card,False,True,0
2024-03-01,18,33.8,1,33.8,1,card,False,False,0
2024-03-01,19,106.3,3,35.43,2,card,False,False,3
2024-03-02,10,62.7,2,31.35,2,card,True,True,3
2024-03-02,11,33.8,1,33.8,1,card,True,False,0
2024-03-02,14,28.9,1,28.9,1,card,True,True,2
2024-03-02,16,33.8,1,33.8,1,card,True,True,0
2024-03-02,17,28.9,1,28.9,1,card,True,False,2
2024-03-03,10,38.7,1,38.7,1,card,True,True,0
2024-03-03,11,28.9,1,28.9,1,card,True,False,2
2024-03-03,12,28.9,1,28.9,1,card,True,False,2
2024-03-03,13,38.7,1,38.7,1,card,True,False,0
2024-03-03,17,67.6,2,33.8,2,card,True,False,3
2024-03-03,18,106.3,3,35.43,2,card,True,False,3
2024-03-04,10,77.4,2,38.7,1,card,False,True,0
2024-03-04,11,33.8,1,33.8,1,card,False,False,0
2024-03-04,14,24.0,1,24.0,1,card,False,True,2
2024-03-05,9,38.7,1,38.7,1,card,False,True,0
2024-03-05,14,38.7,1,38.7,1,card,False,True,0
2024-03-05,17,222.4,6,37.07,4,card,False,False,1
2024-03-05,18,38.7,1,38.7,1,card,False,False,0
2024-03-06,13,57.8,2,28.9,2,card,False,False,3
2024-03-06,14,77.4,2,38.7,1,card,False,True,0
2024-03-07,10,38.7,1,38.7,1,card,False,True,0
2024-03-07,11,38.7,1,38.7,1,card,False,False,0
2024-03-07,15,62.7,2,31.35,2,card,False,True,3
2024-03-08,10,28.9,1,28.9,1,card,False,True,2
2024-03-08,12,38.7,1,38.7,1,card,False,False,0
2024-03-08,13,28.9,1,28.9,1,card,False,False,2
2024-03-08,14,91.6,3,30.53,2,card,False,True,3
2024-03-08,18,77.4,2,38.7,1,card,False,False,0
2024-03-09,12,149.4,5,29.88,3,card,True,False,1
2024-03-09,13,140.1,4,35.02,4,card,True,False,1
2024-03-09,14,72.5,2,36.25,2,card,True,True,3
2024-03-09,19,77.4,2,38.7,2,card,True,False,3
2024-03-10,11,24.0,1,24.0,1,card,True,False,2
2024-03-10,19,67.6,2,33.8,2,card,True,False,3
2024-03-11,11,38.7,1,38.7,1,card,False,False,0
2024-03-11,16,96.5,3,32.17,3,card,False,True,1
2024-03-12,10,57.8,2,28.9,2,card,False,True,3
2024-03-12,11,38.7,1,38.7,1,card,False,False,0
2024-03-12,12,62.7,2,31.35,2,card,False,False,3
2024-03-12,16,28.9,1,28.9,1,card,False,True,2
2024-03-13,11,67.6,2,33.8,2,card,False,False,3
2024-03-13,12,57.8,2,28.9,1,card,False,False,2
2024-03-13,14,33.8,1,33.8,1,card,False,True,0
2024-03-13,15,48.0,2,24.0,1,card,False,True,2
2024-03-13,16,24.0,1,24.0,1,card,False,True,2
2024-03-14,10,77.4,2,38.7,2,card,False,True,3
2024-03-14,13,115.6,4,28.9,4,card,False,False,1
2024-03-14,15,38.7,1,38.7,1,card,False,True,0
2024-03-14,16,57.8,2,28.9,2,card,False,True,3
2024-03-14,18,38.7,1,38.7,1,card,False,False,0
2024-03-14,19,28.9,1,28.9,1,card,False,False,2
2024-03-15,10,38.7,1,38.7,1,card,False,True,0
2024-03-15,18,28.9,1,28.9,1,card,False,False,2
2024-03-16,12,62.7,2,31.35,2,card,True,False,3
2024-03-16,15,28.9,1,28.9,1,card,True,True,2
2024-03-16,16,57.8,2,28.9,1,card,True,True,2
2024-03-16,17,33.8,1,33.8,1,card,True,False,0
2024-03-17,12,28.9,1,28.9,1,card,True,False,2
2024-03-18,11,28.9,1,28.9,1,card,False,False,2
2024-03-18,15,86.7,3,28.9,1,card,False,True,3
2024-03-19,14,77.4,2,38.7,1,card,False,True,0
2024-03-19,15,38.7,1,38.7,1,card,False,True,0
2024-03-19,16,33.8,1,33.8,1,card,False,True,0
2024-03-20,11,28.9,1,28.9,1,card,False,False,2
2024-03-20,12,28.9,1,28.9,1,card,False,False,2
2024-03-20,13,38.7,1,38.7,1,card,False,False,0
2024-03-20,16,38.7,1,38.7,1,card,False,True,0
2024-03-20,17,38.7,1,38.7,1,card,False,False,0
2024-03-21,12,67.6,2,33.8,2,card,False,False,3
2024-03-21,17,28.9,1,28.9,1,card,False,False,2
2024-03-21,19,38.7,1,38.7,1,card,False,False,0
2024-03-22,10,33.8,1,33.8,1,card,False,True,0
2024-03-22,13,33.8,1,33.8,1,card,False,False,0
2024-03-22,17,81.8,3,27.27,2,card,False,False,3
2024-03-23,10,72.5,2,36.25,2,card,True,True,3
2024-03-23,13,77.4,2,38.7,2,card,True,False,3
2024-03-23,14,33.8,1,33.8,1,card,True,True,0
2024-03-23,15,72.5,2,36.25,2,card,True,True,3
2024-03-23,16,28.9,1,28.9,1,card,True,True,2
2024-03-24,18,38.7,1,38.7,1,card,True,False,0
2024-03-25,10,38.7,1,38.7,1,card,False,True,0
2024-03-25,14,77.4,2,38.7,1,card,False,True,0
2024-03-25,18,33.8,1,33.8,1,card,False,False,0
2024-03-25,19,38.7,1,38.7,1,card,False,False,0
2024-03-26,10,116.1,3,38.7,2,card,False,True,3
2024-03-26,11,28.9,1,28.9,1,card,False,False,2
2024-03-26,13,115.6,4,28.9,2,card,False,False,1
2024-03-26,15,38.7,1,38.7,1,card,False,True,0
2024-03-26,18,77.4,2,38.7,2,card,False,False,3
2024-03-27,11,62.7,2,31.35,2,card,False,False,3
2024-03-27,12,33.8,1,33.8,1,card,False,False,0
2024-03-27,13,38.7,1,38.7,1,card,False,False,0
2024-03-27,14,67.6,2,33.8,2,card,False,True,3
2024-03-27,18,28.9,1,28.9,1,card,False,False,2
2024-03-28,14,28.9,1,28.9,1,card,False,True,2
2024-03-28,17,96.5,3,32.17,3,card,False,False,1
2024-03-29,10,38.7,1,38.7,1,card,False,True,0
2024-03-29,12,77.4,2,38.7,1,card,False,False,0
2024-03-30,11,38.7,1,38.7,1,card,True,False,0
2024-03-30,16,111.2,3,37.07,2,card,True,True,3
2024-03-31,10,38.7,1,38.7,1,card,True,True,0
2024-04-01,10,96.5,3,32.17,2,card,False,True,3
2024-04-01,11,33.8,1,33.8,1,card,False,False,0
2024-04-01,18,72.5,2,36.25,2,card,False,False,3
2024-04-02,10,38.7,1,38.7,1,card,False,True,0
2024-04-02,16,57.8,2,28.9,2,card,False,True,3
2024-04-03,10,57.8,2,28.9,2,card,False,True,3
2024-04-03,13,38.7,1,38.7,1,card,False,False,0
2024-04-04,10,38.7,1,38.7,1,card,False,True,0
2024-04-04,11,77.4,2,38.7,2,card,False,False,3
2024-04-04,12,28.9,1,28.9,1,card,False,False,2
2024-04-05,10,57.8,2,28.9,1,card,False,True,2
2024-04-05,11,28.9,1,28.9,1,card,False,False,2
2024-04-05,12,33.8,1,33.8,1,card,False,False,0
2024-04-05,14,67.6,2,33.8,2,card,False,True,3
2024-04-05,16,24.0,1,24.0,1,card,False,True,2
2024-04-06,12,33.8,1,33.8,1,card,True,False,0
2024-04-06,14,106.3,3,35.43,3,card,True,True,1
2024-04-07,10,38.7,1,38.7,1,card,True,True,0
2024-04-07,12,77.4,2,38.7,1,card,True,False,0
2024-04-07,14,52.9,2,26.45,2,card,True,True,3
2024-04-07,18,72.5,2,36.25,2,card,True,False,3
2024-04-08,10,72.5,2,36.25,2,card,False,True,3
2024-04-08,11,67.6,2,33.8,2,card,False,False,3
2024-04-08,16,38.7,1,38.7,1,card,False,True,0
2024-04-08,18,28.9,1,28.9,1,card,False,False,2
2024-04-08,19,72.5,2,36.25,2,card,False,False,3
2024-04-09,11,38.7,1,38.7,1,card,False,False,0
2024-04-09,15,38.7,1,38.7,1,card,False,True,0
2024-04-09,17,38.7,1,38.7,1,card,False,False,0
2024-04-10,17,24.0,1,24.0,1,card,False,False,2
2024-04-10,18,38.7,1,38.7,1,card,False,False,0
2024-04-10,20,38.7,1,38.7,1,card,False,False,0
2024-04-11,10,57.8,2,28.9,1,card,False,True,2
2024-04-11,16,38.7,1,38.7,1,card,False,True,0
2024-04-11,19,72.5,2,36.25,2,card,False,False,3
2024-04-12,19,67.6,2,33.8,2,card,False,False,3
2024-04-13,12,67.6,2,33.8,2,card,True,False,3
2024-04-13,16,77.4,2,38.7,2,card,True,True,3
2024-04-13,17,77.4,2,38.7,1,card,True,False,0
2024-04-14,12,38.7,1,38.7,1,card,True,False,0
2024-04-14,13,28.9,1,28.9,1,card,True,False,2
2024-04-14,14,86.7,3,28.9,1,card,True,True,3
2024-04-14,15,38.7,1,38.7,1,card,True,True,0
2024-04-14,16,28.9,1,28.9,1,card,True,True,2
2024-04-14,17,38.7,1,38.7,1,card,True,False,0
2024-04-14,18,38.7,1,38.7,1,card,True,False,0
2024-04-15,11,28.9,1,28.9,1,card,False,False,2
2024-04-15,17,62.7,2,31.35,2,card,False,False,3
2024-04-15,19,33.8,1,33.8,1,card,False,False,0
2024-04-16,10,33.8,1,33.8,1,card,False,True,0
2024-04-16,12,67.6,2,33.8,2,card,False,False,3
2024-04-16,15,28.9,1,28.9,1,card,False,True,2
2024-04-16,17,72.5,2,36.25,2,card,False,False,3
2024-04-16,18,38.7,1,38.7,1,card,False,False,0
2024-04-17,13,52.9,2,26.45,2,card,False,False,3
2024-04-17,17,77.4,2,38.7,1,card,False,False,0
2024-04-17,18,28.9,1,28.9,1,card,False,False,2
2024-04-18,11,57.8,2,28.9,1,card,False,False,2
2024-04-18,13,62.7,2,31.35,2,card,False,False,3
2024-04-18,14,77.4,2,38.7,2,card,False,True,3
2024-04-18,17,38.7,1,38.7,1,card,False,False,0
2024-04-18,18,38.7,1,38.7,1,card,False,False,0
2024-04-18,19,77.4,2,38.7,1,card,False,False,0
2024-04-19,10,38.7,1,38.7,1,card,False,True,0
2024-04-19,13,149.9,4,37.48,3,card,False,False,1
2024-04-19,18,72.5,2,36.25,2,card,False,False,3
2024-04-20,12,67.6,2,33.8,1,card,True,False,0
2024-04-20,13,101.4,3,33.8,3,card,True,False,1
2024-04-20,14,38.7,1,38.7,1,card,True,True,0
2024-04-20,15,99.44,3,33.15,1,card,True,True,3
2024-04-20,18,75.44,2,37.72,1,card,True,False,0
2024-04-20,19,37.72,1,37.72,1,card,True,False,0
2024-04-21,11,37.72,1,37.72,1,card,True,False,0
2024-04-21,14,27.92,1,27.92,1,card,True,True,2
2024-04-22,11,60.74,2,30.37,2,card,False,False,3
2024-04-22,19,37.72,1,37.72,1,card,False,False,0
2024-04-23,14,108.26,3,36.09,2,card,False,True,3
2024-04-23,19,65.64,2,32.82,1,card,False,False,0
2024-04-24,10,70.54,2,35.27,2,card,False,True,3
2024-04-24,11,65.64,2,32.82,1,card,False,False,0
2024-04-24,12,32.82,1,32.82,1,card,False,False,0
2024-04-24,16,32.82,1,32.82,1,card,False,True,0
2024-04-24,19,70.54,2,35.27,2,card,False,False,3
2024-04-25,10,27.92,1,27.92,1,card,False,True,2
2024-04-25,15,37.72,1,37.72,1,card,False,True,0
2024-04-25,17,55.84,2,27.92,1,card,False,False,2
2024-04-26,10,37.72,1,37.72,1,card,False,True,0
2024-04-26,12,37.72,1,37.72,1,card,False,False,0
2024-04-26,13,37.72,1,37.72,1,card,False,False,0
2024-04-26,15,55.84,2,27.92,1,card,False,True,2
2024-04-26,16,55.84,2,27.92,2,card,False,True,3
2024-04-26,19,75.44,2,37.72,2,card,False,False,3
2024-04-27,15,37.72,1,37.72,1,card,True,True,0
2024-04-28,10,37.72,1,37.72,1,card,True,True,0
2024-04-28,12,37.72,1,37.72,1,card,True,False,0
2024-04-28,18,93.56,3,31.19,2,card,True,False,3
2024-04-29,11,27.92,1,27.92,1,card,False,False,2
2024-04-29,13,116.58,4,29.15,3,card,False,False,1
2024-04-29,18,37.72,1,37.72,1,card,False,False,0
2024-04-29,19,75.44,2,37.72,1,card,False,False,0
2024-04-30,10,103.36,3,34.45,2,card,False,True,3
2024-04-30,13,60.74,2,30.37,2,card,False,False,3
2024-04-30,19,108.26,3,36.09,3,card,False,False,1
2024-05-02,10,27.92,1,27.92,1,card,False,True,2
2024-05-02,13,32.82,1,32.82,1,card,False,False,0
2024-05-02,18,70.54,2,35.27,2,card,False,False,3
2024-05-02,19,75.44,2,37.72,2,card,False,False,3
2024-05-03,14,37.72,1,37.72,1,card,False,True,0
2024-05-03,17,37.72,1,37.72,1,card,False,False,0
2024-05-06,10,154.3,5,30.86,4,card,False,True,1
2024-05-06,13,55.84,2,27.92,2,card,False,False,3
2024-05-06,19,75.44,2,37.72,1,card,False,False,0
2024-05-07,10,37.72,1,37.72,1,card,False,True,0
2024-05-07,11,27.92,1,27.92,1,card,False,False,2
2024-05-07,13,27.92,1,27.92,1,card,False,False,2
2024-05-07,16,65.64,2,32.82,2,card,False,True,3
2024-05-07,17,75.44,2,37.72,2,card,False,False,3
2024-05-07,19,75.44,2,37.72,1,card,False,False,0
2024-05-08,10,37.72,1,37.72,1,card,False,True,0
2024-05-09,12,37.72,1,37.72,1,card,False,False,0
2024-05-09,13,141.08,4,35.27,2,card,False,False,1
2024-05-09,16,55.84,2,27.92,1,card,False,True,2
2024-05-09,18,60.74,2,30.37,2,card,False,False,3
2024-05-10,15,75.44,2,37.72,1,card,False,True,0
2024-05-11,11,37.72,1,37.72,1,card,True,False,0
2024-05-11,17,141.08,4,35.27,3,card,True,False,1
2024-05-11,18,37.72,1,37.72,1,card,True,False,0
2024-05-11,19,37.72,1,37.72,1,card,True,False,0
2024-05-12,10,37.72,1,37.72,1,card,True,True,0
2024-05-12,13,65.64,2,32.82,2,card,True,False,3
2024-05-12,15,103.36,3,34.45,2,card,True,True,3
2024-05-12,16,32.82,1,32.82,1,card,True,True,0
2024-05-12,19,32.82,1,32.82,1,card,True,False,0
2024-05-13,11,32.82,1,32.82,1,card,False,False,0
2024-05-14,8,83.76,3,27.92,1,card,False,True,3
2024-05-14,10,37.72,1,37.72,1,card,False,True,0
2024-05-14,11,75.44,2,37.72,2,card,False,False,3
2024-05-14,14,70.54,2,35.27,2,card,False,True,3
2024-05-14,15,27.92,1,27.92,1,card,False,True,2
2024-05-14,16,70.54,2,35.27,2,card,False,True,3
2024-05-14,22,37.72,1,37.72,1,card,False,False,0
2024-05-15,8,37.72,1,37.72,1,card,False,True,0
2024-05-15,11,50.94,2,25.47,2,card,False,False,3
2024-05-15,13,116.58,4,29.15,2,card,False,False,1
2024-05-15,14,55.84,2,27.92,1,card,False,True,2
2024-05-15,17,23.02,1,23.02,1,card,False,False,2
2024-05-15,20,37.72,1,37.72,1,card,False,False,0
2024-05-16,10,65.64,2,32.82,1,card,False,True,0
2024-05-16,12,32.82,1,32.82,1,card,False,False,0
2024-05-16,15,37.72,1,37.72,1,card,False,True,0
2024-05-16,17,37.72,1,37.72,1,card,False,False,0
2024-05-16,18,75.44,2,37.72,2,card,False,False,3
2024-05-17,9,27.92,1,27.92,1,card,False,True,2
2024-05-17,11,32.82,1,32.82,1,card,False,False,0
2024-05-17,19,70.54,2,35.27,2,card,False,False,3
2024-05-17,20,37.72,1,37.72,1,card,False,False,0
2024-05-17,22,103.36,3,34.45,2,card,False,False,3
2024-05-18,8,75.44,2,37.72,1,card,True,True,0
2024-05-18,11,32.82,1,32.82,1,card,True,False,0
2024-05-18,16,65.64,2,32.82,1,card,True,True,0
2024-05-18,19,32.82,1,32.82,1,card,True,False,0
2024-05-18,20,37.72,1,37.72,1,card,True,False,0
2024-05-19,7,55.84,2,27.92,1,card,True,False,2
2024-05-19,8,37.72,1,37.72,1,card,True,True,0
2024-05-19,12,32.82,1,32.82,1,card,True,False,0
2024-05-19,14,27.92,1,27.92,1,card,True,True,2
2024-05-19,15,32.82,1,32.82,1,card,True,True,0
2024-05-19,18,93.56,3,31.19,3,card,True,False,1
2024-05-19,19,37.72,1,37.72,1,card,True,False,0
2024-05-19,21,75.44,2,37.72,1,card,True,False,0
2024-05-20,10,108.26,3,36.09,2,card,False,True,3
2024-05-20,11,55.84,2,27.92,1,card,False,False,2
2024-05-20,13,55.84,2,27.92,1,card,False,False,2
2024-05-20,14,70.54,2,35.27,2,card,False,True,3
2024-05-20,17,75.44,2,37.72,1,card,False,False,0
2024-05-20,20,98.46,3,32.82,3,card,False,False,1
2024-05-20,21,65.64,2,32.82,1,card,False,False,0
2024-05-21,8,37.72,1,37.72,1,card,False,True,0
2024-05-21,16,37.72,1,37.72,1,card,False,True,0
2024-05-21,18,23.02,1,23.02,1,card,False,False,2
2024-05-21,19,37.72,1,37.72,1,card,False,False,0
2024-05-21,20,37.72,1,37.72,1,card,False,False,0
2024-05-22,9,37.72,1,37.72,1,card,False,True,0
2024-05-22,10,32.82,1,32.82,1,card,False,True,0
2024-05-22,11,60.74,2,30.37,2,card,False,False,3
2024-05-22,12,55.84,2,27.92,1,card,False,False,2
2024-05-22,14,32.82,1,32.82,1,card,False,True,0
2024-05-22,19,75.44,2,37.72,1,card,False,False,0
2024-05-22,21,75.44,2,37.72,2,card,False,False,3
2024-05-23,10,37.72,1,37.72,1,card,False,True,0
2024-05-23,12,23.02,1,23.02,1,card,False,False,2
2024-05-23,15,75.44,2,37.72,1,card,False,True,0
2024-05-23,16,75.44,2,37.72,2,card,False,True,3
2024-05-23,17,75.44,2,37.72,2,card,False,False,3
2024-05-23,19,141.08,4,35.27,2,card,False,False,1
2024-05-23,20,75.44,2,37.72,2,card,False,False,3
2024-05-23,22,32.82,1,32.82,1,card,False,False,0
2024-05-24,11,83.76,3,27.92,2,card,False,False,3
2024-05-24,16,37.72,1,37.72,1,card,False,True,0
2024-05-24,18,55.84,2,27.92,1,card,False,False,2
2024-05-24,22,32.82,1,32.82,1,card,False,False,0
2024-05-25,12,136.18,4,34.04,2,card,True,False,1
2024-05-25,16,60.74,2,30.37,2,card,True,True,3
2024-05-26,10,37.72,1,37.72,1,card,True,True,0
2024-05-26,14,93.56,3,31.19,2,card,True,True,3
2024-05-26,17,37.72,1,37.72,1,card,True,False,0
2024-05-26,18,141.08,4,35.27,3,card,True,False,1
2024-05-26,20,37.72,1,37.72,1,card,True,False,0
2024-05-26,21,178.8,5,35.76,3,card,True,False,1
2024-05-27,11,27.92,1,27.92,1,card,False,False,2
2024-05-27,14,70.54,2,35.27,2,card,False,True,3
2024-05-27,15,55.84,2,27.92,1,card,False,True,2
2024-05-27,17,37.72,1,37.72,1,card,False,False,0
2024-05-27,18,27.92,1,27.92,1,card,False,False,2
2024-05-27,19,75.44,2,37.72,1,card,False,False,0
2024-05-27,21,70.54,2,35.27,2,card,False,False,3
2024-05-28,8,32.82,1,32.82,1,card,False,True,0
2024-05-28,9,32.82,1,32.82,1,card,False,True,0
2024-05-28,11,37.72,1,37.72,1,card,False,False,0
2024-05-28,13,37.72,1,37.72,1,card,False,False,0
2024-05-28,14,37.72,1,37.72,1,card,False,True,0
2024-05-28,16,27.92,1,27.92,1,card,False,True,2
2024-05-28,19,65.64,2,32.82,2,card,False,False,3
2024-05-28,20,60.74,2,30.37,2,card,False,False,3
2024-05-29,9,37.72,1,37.72,1,card,False,True,0
2024-05-29,11,37.72,1,37.72,1,card,False,False,0
2024-05-29,15,103.36,3,34.45,3,card,False,True,1
2024-05-29,16,37.72,1,37.72,1,card,False,True,0
2024-05-29,18,65.64,2,32.82,2,card,False,False,3
2024-05-29,20,75.44,2,37.72,2,card,False,False,3
2024-05-30,8,108.26,3,36.09,3,card,False,True,1
2024-05-30,9,37.72,1,37.72,1,card,False,True,0
2024-05-30,14,32.82,1,32.82,1,card,False,True,0
2024-05-30,15,46.04,2,23.02,1,card,False,True,2
2024-05-30,19,37.72,1,37.72,1,card,False,False,0
2024-05-30,20,108.26,3,36.09,3,card,False,False,1
2024-05-31,7,32.82,1,32.82,1,card,False,False,0
2024-05-31,9,37.72,1,37.72,1,card,False,True,0
2024-05-31,10,75.44,2,37.72,2,card,False,True,3
2024-05-31,14,32.82,1,32.82,1,card,False,True,0
2024-05-31,18,75.44,2,37.72,1,card,False,False,0
2024-05-31,20,108.26,3,36.09,3,card,False,False,1
2024-05-31,22,98.46,3,32.82,3,card,False,False,1
2024-06-01,8,27.92,1,27.92,1,card,True,True,2
2024-06-01,9,37.72,1,37.72,1,card,True,True,0
2024-06-01,11,37.72,1,37.72,1,card,True,False,0
2024-06-01,14,32.82,1,32.82,1,card,True,True,0
2024-06-01,18,65.64,2,32.82,1,card,True,False,0
2024-06-01,20,113.16,3,37.72,2,card,True,False,3
2024-06-01,21,32.82,1,32.82,1,card,True,False,0
2024-06-02,20,108.26,3,36.09,3,card,True,False,1
2024-06-02,21,70.54,2,35.27,2,card,True,False,3
2024-06-03,10,75.44,2,37.72,1,card,False,True,0
2024-06-03,14,108.26,3,36.09,3,card,False,True,1
2024-06-04,9,27.92,1,27.92,1,card,False,True,2
2024-06-04,10,32.82,1,32.82,1,card,False,True,0
2024-06-04,12,75.44,2,37.72,2,card,False,False,3
2024-06-04,15,37.72,1,37.72,1,card,False,True,0
2024-06-04,17,65.64,2,32.82,2,card,False,False,3
2024-06-04,20,75.44,2,37.72,2,card,False,False,3
2024-06-04,21,159.2,5,31.84,2,card,False,False,1
2024-06-05,8,75.44,2,37.72,1,card,False,True,0
2024-06-05,9,27.92,1,27.92,1,card,False,True,2
2024-06-05,10,70.54,2,35.27,2,card,False,True,3
2024-06-05,19,70.54,2,35.27,2,card,False,False,3
2024-06-05,20,65.64,2,32.82,2,card,False,False,3
2024-06-06,8,65.64,2,32.82,1,card,False,True,0
2024-06-06,10,37.72,1,37.72,1,card,False,True,0
2024-06-06,12,27.92,1,27.92,1,card,False,False,2
2024-06-06,15,70.54,2,35.27,2,card,False,True,3
2024-06-06,21,183.7,5,36.74,3,card,False,False,1
2024-06-07,8,37.72,1,37.72,1,card,False,True,0
2024-06-07,10,23.02,1,23.02,1,card,False,True,2
2024-06-07,13,32.82,1,32.82,1,card,False,False,0
2024-06-07,16,55.84,2,27.92,1,card,False,True,2
2024-06-08,9,60.74,2,30.37,2,card,True,True,3
2024-06-08,20,75.44,2,37.72,1,card,True,False,0
2024-06-09,8,37.72,1,37.72,1,card,True,True,0
2024-06-09,10,75.44,2,37.72,2,card,True,True,3
2024-06-09,11,88.66,3,29.55,3,card,True,False,1
2024-06-09,12,108.26,3,36.09,2,card,True,False,3
2024-06-09,15,27.92,1,27.92,1,card,True,True,2
2024-06-09,16,37.72,1,37.72,1,card,True,True,0
2024-06-09,19,32.82,1,32.82,1,card,True,False,0
2024-06-09,21,27.92,1,27.92,1,card,True,False,2
2024-06-10,12,75.44,2,37.72,2,card,False,False,3
2024-06-10,19,150.88,4,37.72,2,card,False,False,1
2024-06-11,10,32.82,1,32.82,1,card,False,True,0
2024-06-11,18,75.44,2,37.72,1,card,False,False,0
2024-06-11,21,103.36,3,34.45,2,card,False,False,3
2024-06-12,10,37.72,1,37.72,1,card,False,True,0
2024-06-12,11,37.72,1,37.72,1,card,False,False,0
2024-06-12,17,75.44,2,37.72,1,card,False,False,0
2024-06-12,20,70.54,2,35.27,2,card,False,False,3
2024-06-13,8,65.64,2,32.82,2,card,False,True,3
2024-06-13,9,60.74,2,30.37,2,card,False,True,3
2024-06-13,17,70.54,2,35.27,2,card,False,False,3
2024-06-13,19,37.72,1,37.72,1,card,False,False,0
2024-06-13,20,111.68,4,27.92,2,card,False,False,1
2024-06-13,21,32.82,1,32.82,1,card,False,False,0
2024-06-14,7,27.92,1,27.92,1,card,False,False,2
2024-06-14,10,27.92,1,27.92,1,card,False,True,2
2024-06-14,12,37.72,1,37.72,1,card,False,False,0
2024-06-14,18,32.82,1,32.82,1,card,False,False,0
2024-06-15,11,37.72,1,37.72,1,card,True,False,0
2024-06-15,12,164.1,5,32.82,4,card,True,False,1
2024-06-15,16,32.82,1,32.82,1,card,True,True,0
2024-06-15,18,27.92,1,27.92,1,card,True,False,2
2024-06-16,10,70.54,2,35.27,2,card,True,True,3
2024-06-16,11,75.44,2,37.72,1,card,True,False,0
2024-06-16,12,32.82,1,32.82,1,card,True,False,0
2024-06-16,14,23.02,1,23.02,1,card,True,True,2
2024-06-16,15,103.36,3,34.45,2,card,True,True,3
2024-06-16,16,37.72,1,37.72,1,card,True,True,0
2024-06-16,17,65.64,2,32.82,1,card,True,False,0
2024-06-17,8,27.92,1,27.92,1,card,False,True,2
2024-06-17,10,93.56,3,31.19,2,card,False,True,3
2024-06-17,14,37.72,1,37.72,1,card,False,True,0
2024-06-17,16,103.36,3,34.45,2,card,False,True,3
2024-06-17,18,27.92,1,27.92,1,card,False,False,2
2024-06-17,21,32.82,1,32.82,1,card,False,False,0
2024-06-18,14,65.64,2,32.82,2,card,False,True,3
2024-06-18,19,75.44,2,37.72,1,card,False,False,0
2024-06-18,20,27.92,1,27.92,1,card,False,False,2
2024-06-18,21,65.64,2,32.82,1,card,False,False,0
2024-06-19,7,37.72,1,37.72,1,card,False,False,0
2024-06-19,8,27.92,1,27.92,1,card,False,True,2
2024-06-19,10,27.92,1,27.92,1,card,False,True,2
2024-06-19,11,75.44,2,37.72,2,card,False,False,3
2024-06-19,14,32.82,1,32.82,1,card,False,True,0
2024-06-19,18,75.44,2,37.72,2,card,False,False,3
2024-06-19,19,32.82,1,32.82,1,card,False,False,0
2024-06-19,21,70.54,2,35.27,2,card,False,False,3
2024-06-20,10,37.72,1,37.72,1,card,False,True,0
2024-06-20,18,37.72,1,37.72,1,card,False,False,0
2024-06-20,19,37.72,1,37.72,1,card,False,False,0
2024-06-20,21,108.26,3,36.09,2,card,False,False,3
2024-06-21,9,37.72,1,37.72,1,card,False,True,0
2024-06-21,10,27.92,1,27.92,1,card,False,True,2
2024-06-21,13,65.64,2,32.82,1,card,False,False,0
2024-06-21,18,23.02,1,23.02,1,card,False,False,2
2024-06-21,19,249.34,7,35.62,4,card,False,False,1
2024-06-22,8,27.92,1,27.92,1,card,True,True,2
2024-06-22,9,32.82,1,32.82,1,card,True,True,0
2024-06-22,12,32.82,1,32.82,1,card,True,False,0
2024-06-22,15,37.72,1,37.72,1,card,True,True,0
2024-06-22,22,37.72,1,37.72,1,card,True,False,0
2024-06-23,18,65.64,2,32.82,1,card,True,False,0
2024-06-23,21,113.16,3,37.72,2,card,True,False,3
2024-06-24,11,108.26,3,36.09,2,card,False,False,3
2024-06-24,15,37.72,1,37.72,1,card,False,True,0
2024-06-24,16,75.44,2,37.72,1,card,False,True,0
2024-06-25,8,37.72,1,37.72,1,card,False,True,0
2024-06-25,10,65.64,2,32.82,1,card,False,True,0
2024-06-25,11,37.72,1,37.72,1,card,False,False,0
2024-06-26,9,37.72,1,37.72,1,card,False,True,0
2024-06-26,16,50.94,2,25.47,2,card,False,True,3
2024-06-26,21,108.26,3,36.09,3,card,False,False,1
2024-06-27,9,32.82,1,32.82,1,card,False,True,0
2024-06-27,16,27.92,1,27.92,1,card,False,True,2
2024-06-27,21,70.54,2,35.27,2,card,False,False,3
2024-06-28,8,27.92,1,27.92,1,card,False,True,2
2024-06-28,17,23.02,1,23.02,1,card,False,False,2
2024-06-28,21,70.54,2,35.27,2,card,False,False,3
2024-06-28,22,37.72,1,37.72,1,card,False,False,0
2024-06-29,9,32.82,1,32.82,1,card,True,True,0
2024-06-29,11,65.64,2,32.82,1,card,True,False,0
2024-06-29,12,75.44,2,37.72,1,card,True,False,0
2024-06-29,17,75.44,2,37.72,2,card,True,False,3
2024-06-29,21,37.72,1,37.72,1,card,True,False,0
2024-06-30,10,37.72,1,37.72,1,card,True,True,0
2024-06-30,13,23.02,1,23.02,1,card,True,False,2
2024-06-30,16,37.72,1,37.72,1,card,True,True,0
2024-06-30,21,32.82,1,32.82,1,card,True,False,0
2024-07-01,18,98.46,3,32.82,2,card,False,False,3
2024-07-02,10,60.74,2,30.37,2,card,False,True,3
2024-07-02,12,37.72,1,37.72,1,card,False,False,0
2024-07-02,14,27.92,1,27.92,1,card,False,True,2
2024-07-02,16,32.82,1,32.82,1,card,False,True,0
2024-07-02,22,32.82,1,32.82,1,card,False,False,0
2024-07-03,13,32.82,1,32.82,1,card,False,False,0
2024-07-03,16,201.82,6,33.64,4,card,False,True,1
2024-07-03,17,37.72,1,37.72,1,card,False,False,0
2024-07-03,19,37.72,1,37.72,1,card,False,False,0
2024-07-04,10,60.74,2,30.37,2,card,False,True,3
2024-07-05,12,37.72,1,37.72,1,card,False,False,0
2024-07-05,13,65.64,2,32.82,1,card,False,False,0
2024-07-05,18,23.02,1,23.02,1,card,False,False,2
2024-07-05,19,27.92,1,27.92,1,card,False,False,2
2024-07-05,22,149.4,5,29.88,4,card,False,False,1
2024-07-06,10,37.72,1,37.72,1,card,True,True,0
2024-07-06,17,65.64,2,32.82,1,card,True,False,0
2024-07-06,19,60.74,2,30.37,2,card,True,False,3
2024-07-07,9,154.3,5,30.86,2,card,True,True,1
2024-07-07,14,65.64,2,32.82,2,card,True,True,3
2024-07-07,17,32.82,1,32.82,1,card,True,False,0
2024-07-07,19,32.82,1,32.82,1,card,True,False,0
2024-07-07,20,32.82,1,32.82,1,card,True,False,0
2024-07-07,22,27.92,1,27.92,1,card,True,False,2
2024-07-08,7,32.82,1,32.82,1,card,False,False,0
2024-07-08,12,23.02,1,23.02,1,card,False,False,2
2024-07-08,14,23.02,1,23.02,1,card,False,True,2
2024-07-08,19,27.92,1,27.92,1,card,False,False,2
2024-07-08,22,32.82,1,32.82,1,card,False,False,0
2024-07-09,10,55.84,2,27.92,1,card,False,True,2
2024-07-09,11,60.74,2,30.37,2,card,False,False,3
2024-07-09,16,27.92,1,27.92,1,card,False,True,2
2024-07-10,11,23.02,1,23.02,1,card,False,False,2
2024-07-10,12,27.92,1,27.92,1,card,False,False,2
2024-07-10,22,32.82,1,32.82,1,card,False,False,0
2024-07-11,11,32.82,1,32.82,1,card,False,False,0
2024-07-11,16,27.92,1,27.92,1,card,False,True,2
2024-07-11,22,55.84,2,27.92,2,card,False,False,3
2024-07-12,8,23.02,1,23.02,1,card,False,True,2
2024-07-12,11,32.82,1,32.82,1,card,False,False,0
2024-07-12,22,98.46,3,32.82,1,card,False,False,3
2024-07-13,10,32.82,1,32.82,1,card,True,True,0
2024-07-13,11,32.82,1,32.82,1,card,True,False,0
2024-07-14,10,116.58,4,29.15,4,card,True,True,1
2024-07-14,11,23.02,1,23.02,1,card,True,False,2
2024-07-14,22,32.82,1,32.82,1,card,True,False,0
2024-07-15,7,32.82,1,32.82,1,card,False,False,0
2024-07-16,12,27.92,1,27.92,1,card,False,False,2
2024-07-16,19,32.82,1,32.82,1,card,False,False,0
2024-07-17,13,27.92,1,27.92,1,card,False,False,2
2024-07-18,11,115.1,5,23.02,4,card,False,False,1
2024-07-18,13,32.82,1,32.82,1,card,False,False,0
2024-07-18,18,32.82,1,32.82,1,card,False,False,0
2024-07-18,19,32.82,1,32.82,1,card,False,False,0
2024-07-18,21,98.46,3,32.82,2,card,False,False,3
2024-07-19,11,50.94,2,25.47,2,card,False,False,3
2024-07-19,12,60.74,2,30.37,2,card,False,False,3
2024-07-19,14,65.64,2,32.82,2,card,False,True,3
2024-07-19,16,65.64,2,32.82,1,card,False,True,0
2024-07-20,8,78.86,3,26.29,2,card,True,True,3
2024-07-20,9,65.64,2,32.82,1,card,True,True,0
2024-07-20,10,23.02,1,23.02,1,card,True,True,2
2024-07-20,15,32.82,1,32.82,1,card,True,True,0
2024-07-21,10,32.82,1,32.82,1,card,True,True,0
2024-07-21,11,32.82,1,32.82,1,card,True,False,0
2024-07-21,13,55.84,2,27.92,2,card,True,False,3
2024-07-22,8,46.04,2,23.02,1,card,False,True,2
2024-07-22,10,27.92,1,27.92,1,card,False,True,2
2024-07-22,16,32.82,1,32.82,1,card,False,True,0
2024-07-23,8,149.4,5,29.88,4,card,False,True,1
2024-07-23,9,23.02,1,23.02,1,card,False,True,2
2024-07-23,10,27.92,1,27.92,1,card,False,True,2
2024-07-23,15,60.74,2,30.37,2,card,False,True,3
2024-07-23,21,78.86,3,26.29,2,card,False,False,3
2024-07-24,9,73.96,3,24.65,2,card,False,True,3
2024-07-24,11,32.82,1,32.82,1,card,False,False,0
2024-07-24,13,32.82,1,32.82,1,card,False,False,0
2024-07-24,14,18.12,1,18.12,1,card,False,True,2
2024-07-24,15,32.82,1,32.82,1,card,False,True,0
2024-07-24,19,65.64,2,32.82,1,card,False,False,0
2024-07-24,21,73.96,3,24.65,2,card,False,False,3
2024-07-25,7,23.02,1,23.02,1,card,False,False,2
2024-07-25,8,32.82,1,32.82,1,card,False,True,0
2024-07-25,10,27.92,1,27.92,1,card,False,True,2
2024-07-25,11,23.02,1,23.02,1,card,False,False,2
2024-07-25,15,32.82,1,32.82,1,card,False,True,0
2024-07-25,19,32.82,1,32.82,1,card,False,False,0
2024-07-25,21,41.14,2,20.57,2,card,False,False,2
2024-07-25,22,55.84,2,27.92,2,card,False,False,3
2024-07-26,8,32.82,1,32.82,1,card,False,True,0
2024-07-26,9,124.9,5,24.98,4,card,False,True,1
2024-07-26,10,32.82,1,32.82,1,card,False,True,0
2024-07-26,11,27.92,1,27.92,1,card,False,False,2
2024-07-26,12,93.56,3,31.19,2,card,False,False,3
2024-07-26,13,32.82,1,32.82,1,card,False,False,0
2024-07-26,17,55.84,2,27.92,2,card,False,False,3
2024-07-26,21,32.82,1,32.82,1,card,False,False,0
2024-07-26,22,27.92,1,27.92,1,card,False,False,2
2024-07-27,9,32.82,1,32.82,1,card,True,True,0
2024-07-27,11,27.92,1,27.92,1,card,True,False,2
2024-07-27,12,73.96,3,24.65,2,card,True,False,3
2024-07-27,14,50.94,2,25.47,2,card,True,True,3
2024-07-27,17,121.48,4,30.37,2,card,True,False,1
2024-07-27,20,32.82,1,32.82,1,card,True,False,0
2024-07-27,22,32.82,1,32.82,1,card,True,False,0
2024-07-28,11,18.12,1,18.12,1,card,True,False,2
2024-07-28,14,60.74,2,30.37,2,card,True,True,3
2024-07-29,8,32.82,1,32.82,1,card,False,True,0
2024-07-29,9,134.7,5,26.94,3,card,False,True,1
2024-07-29,10,65.64,2,32.82,1,card,False,True,0
2024-07-29,19,55.84,2,27.92,2,card,False,False,3
2024-07-29,21,32.82,1,32.82,1,card,False,False,0
2024-07-30,7,27.92,1,27.92,1,card,False,False,2
2024-07-30,8,55.84,2,27.92,2,card,False,True,3
2024-07-30,9,27.92,1,27.92,1,card,False,True,2
2024-07-30,10,83.76,3,27.92,3,card,False,True,1
2024-07-30,11,152.82,6,25.47,3,card,False,False,1
2024-07-30,12,32.82,1,32.82,1,card,False,False,0
2024-07-30,15,27.92,1,27.92,1,card,False,True,2
2024-07-30,16,50.94,2,25.47,2,card,False,True,3
2024-07-30,20,101.88,4,25.47,2,card,False,False,1
2024-07-30,21,32.82,1,32.82,1,card,False,False,0
2024-07-30,22,55.84,2,27.92,2,card,False,False,3
2024-07-31,7,27.92,1,27.92,1,card,False,False,2
2024-07-31,8,55.84,2,27.92,1,card,False,True,2
2024-07-31,9,73.96,3,24.65,2,card,False,True,3
2024-07-31,13,93.56,3,31.19,3,card,False,False,1
2024-07-31,17,23.02,1,23.02,1,card,False,False,2
2024-07-31,18,32.82,1,32.82,1,card,False,False,0
2024-07-31,19,55.84,2,27.92,2,card,False,False,3
2024-07-31,20,172.42,6,28.74,5,card,False,False,1
2024-07-31,21,98.46,3,32.82,1,card,False,False,3
2024-08-01,7,27.92,1,27.92,1,card,False,False,2
2024-08-01,9,27.92,1,27.92,1,card,False,True,2
2024-08-01,11,55.84,2,27.92,1,card,False,False,2
2024-08-01,13,88.66,3,29.55,2,card,False,False,3
2024-08-01,15,27.92,1,27.92,1,card,False,True,2
2024-08-01,16,50.94,2,25.47,2,card,False,True,3
2024-08-01,17,23.02,1,23.02,1,card,False,False,2
2024-08-01,20,32.82,1,32.82,1,card,False,False,0
2024-08-02,9,55.84,2,27.92,1,card,False,True,2
2024-08-02,11,23.02,1,23.02,1,card,False,False,2
2024-08-02,18,27.92,1,27.92,1,card,False,False,2
2024-08-02,21,32.82,1,32.82,1,card,False,False,0
2024-08-03,8,27.92,1,27.92,1,card,True,True,2
2024-08-03,9,55.84,2,27.92,1,card,True,True,2
2024-08-03,10,27.92,1,27.92,1,card,True,True,2
2024-08-03,11,92.08,4,23.02,3,card,True,False,1
2024-08-03,12,27.92,1,27.92,1,card,True,False,2
2024-08-03,16,27.92,1,27.92,1,card,True,True,2
2024-08-03,18,32.82,1,32.82,1,card,True,False,0
2024-08-03,21,65.64,2,32.82,1,card,True,False,0
2024-08-04,8,32.82,1,32.82,1,card,True,True,0
2024-08-04,10,27.92,1,27.92,1,card,True,True,2
2024-08-04,11,60.74,2,30.37,2,card,True,False,3
2024-08-04,15,65.64,2,32.82,1,card,True,True,0
2024-08-05,8,23.02,1,23.02,1,card,False,True,2
2024-08-05,9,27.92,1,27.92,1,card,False,True,2
2024-08-05,11,23.02,1,23.02,1,card,False,False,2
2024-08-05,13,32.82,1,32.82,1,card,False,False,0
2024-08-05,16,65.64,2,32.82,1,card,False,True,0
2024-08-05,17,60.74,2,30.37,2,card,False,False,3
2024-08-05,19,65.64,2,32.82,1,card,False,False,0
2024-08-05,20,65.64,2,32.82,1,card,False,False,0
2024-08-05,22,27.92,1,27.92,1,card,False,False,2
2024-08-06,10,55.84,2,27.92,2,card,False,True,3
2024-08-06,17,98.46,3,32.82,3,card,False,False,1
2024-08-06,19,60.74,2,30.37,2,card,False,False,3
2024-08-06,20,32.82,1,32.82,1,card,False,False,0
2024-08-07,8,27.92,1,27.92,1,card,False,True,2
2024-08-07,12,46.04,2,23.02,1,card,False,False,2
2024-08-07,13,18.12,1,18.12,1,card,False,False,2
2024-08-07,16,23.02,1,23.02,1,card,False,True,2
2024-08-07,19,32.82,1,32.82,1,card,False,False,0
2024-08-07,20,32.82,1,32.82,1,card,False,False,0
2024-08-07,21,32.82,1,32.82,1,card,False,False,0
2024-08-07,22,65.64,2,32.82,1,card,False,False,0
2024-08-08,8,41.14,2,20.57,2,card,False,True,2
2024-08-08,12,73.96,3,24.65,2,card,False,False,3
2024-08-08,16,32.82,1,32.82,1,card,False,True,0
2024-08-08,17,32.82,1,32.82,1,card,False,False,0
2024-08-08,21,27.92,1,27.92,1,card,False,False,2
2024-08-09,7,32.82,1,32.82,1,card,False,False,0
2024-08-09,9,23.02,1,23.02,1,card,False,True,2
2024-08-09,10,50.94,2,25.47,2,card,False,True,3
2024-08-09,11,55.84,2,27.92,2,card,False,False,3
2024-08-09,18,23.02,1,23.02,1,card,False,False,2
2024-08-09,19,32.82,1,32.82,1,card,False,False,0
2024-08-10,8,83.76,3,27.92,3,card,True,True,1
2024-08-10,11,46.04,2,23.02,2,card,True,False,2
2024-08-10,12,60.74,2,30.37,2,card,True,False,3
2024-08-10,16,32.82,1,32.82,1,card,True,True,0
2024-08-10,21,98.46,3,32.82,1,card,True,False,3
2024-08-11,9,65.64,2,32.82,1,card,True,True,0
2024-08-11,10,27.92,1,27.92,1,card,True,True,2
2024-08-11,11,60.74,2,30.37,2,card,True,False,3
2024-08-11,12,23.02,1,23.02,1,card,True,False,2
2024-08-11,15,93.56,3,31.19,3,card,True,True,1
2024-08-11,16,50.94,2,25.47,2,card,True,True,3
2024-08-11,21,88.66,3,29.55,2,card,True,False,3
2024-08-11,22,32.82,1,32.82,1,card,True,False,0
2024-08-12,8,32.82,1,32.82,1,card,False,True,0
2024-08-12,11,116.58,4,29.15,3,card,False,False,1
2024-08-12,14,46.04,2,23.02,2,card,False,True,2
2024-08-12,15,27.92,1,27.92,1,card,False,True,2
2024-08-12,18,27.92,1,27.92,1,card,False,False,2
2024-08-12,21,60.74,2,30.37,2,card,False,False,3
2024-08-12,22,65.64,2,32.82,1,card,False,False,0
2024-08-13,8,27.92,1,27.92,1,card,False,True,2
2024-08-13,9,55.84,2,27.92,1,card,False,True,2
2024-08-13,10,23.02,1,23.02,1,card,False,True,2
2024-08-13,11,32.82,1,32.82,1,card,False,False,0
2024-08-13,13,27.92,1,27.92,1,card,False,False,2
2024-08-13,14,32.82,1,32.82,1,card,False,True,0
2024-08-13,15,60.74,2,30.37,2,card,False,True,3
2024-08-13,20,98.46,3,32.82,3,card,False,False,1
2024-08-13,21,23.02,1,23.02,1,card,False,False,2
2024-08-14,7,65.64,2,32.82,2,card,False,False,3
2024-08-14,10,23.02,1,23.02,1,card,False,True,2
2024-08-14,11,18.12,1,18.12,1,card,False,False,2
2024-08-14,12,46.04,2,23.02,1,card,False,False,2
2024-08-14,15,32.82,1,32.82,1,card,False,True,0
2024-08-14,17,23.02,1,23.02,1,card,False,False,2
2024-08-14,18,50.94,2,25.47,2,card,False,False,3
2024-08-14,19,55.84,2,27.92,2,card,False,False,3
2024-08-14,21,32.82,1,32.82,1,card,False,False,0
2024-08-15,9,121.48,4,30.37,4,card,False,True,1
2024-08-15,12,32.82,1,32.82,1,card,False,False,0
2024-08-15,13,32.82,1,32.82,1,card,False,False,0
2024-08-15,14,41.14,2,20.57,2,card,False,True,2
2024-08-15,17,27.92,1,27.92,1,card,False,False,2
2024-08-15,19,111.68,4,27.92,3,card,False,False,1
2024-08-15,20,32.82,1,32.82,1,card,False,False,0
2024-08-15,21,46.04,2,23.02,2,card,False,False,2
2024-08-16,12,55.84,2,27.92,2,card,False,False,3
2024-08-16,13,27.92,1,27.92,1,card,False,False,2
2024-08-16,15,36.24,2,18.12,1,card,False,True,2
2024-08-17,9,60.74,2,30.37,2,card,True,True,3
2024-08-17,10,27.92,1,27.92,1,card,True,True,2
2024-08-17,11,46.04,2,23.02,1,card,True,False,2
2024-08-17,13,27.92,1,27.92,1,card,True,False,2
2024-08-17,16,55.84,2,27.92,2,card,True,True,3
2024-08-17,18,32.82,1,32.82,1,card,True,False,0
2024-08-17,21,27.92,1,27.92,1,card,True,False,2
2024-08-17,22,32.82,1,32.82,1,card,True,False,0
2024-08-18,8,116.58,4,29.14,3,card,True,True,1
2024-08-18,12,32.82,1,32.82,1,card,True,False,0
2024-08-18,14,27.92,1,27.92,1,card,True,True,2
2024-08-18,18,101.88,4,25.47,2,card,True,False,1
2024-08-19,15,55.84,2,27.92,1,card,False,True,2
2024-08-19,21,65.64,2,32.82,2,card,False,False,3
2024-08-20,8,96.98,4,24.24,3,card,False,True,1
2024-08-20,9,27.92,1,27.92,1,card,False,True,2
2024-08-20,11,101.88,4,25.47,2,card,False,False,1
2024-08-20,20,131.28,4,32.82,1,card,False,False,3
2024-08-21,7,27.92,1,27.92,1,card,False,False,2
2024-08-21,8,23.02,1,23.02,1,card,False,True,2
2024-08-21,10,50.94,2,25.47,2,card,False,True,3
2024-08-21,11,23.02,1,23.02,1,card,False,False,2
2024-08-21,13,32.82,1,32.82,1,card,False,False,0
2024-08-21,19,32.82,1,32.82,1,card,False,False,0
2024-08-22,9,23.02,1,23.02,1,card,False,True,2
2024-08-22,10,55.84,2,27.92,1,card,False,True,2
2024-08-22,14,65.64,2,32.82,1,card,False,True,0
2024-08-22,15,55.84,2,27.92,2,card,False,True,3
2024-08-23,7,32.82,1,32.82,1,card,False,False,0
2024-08-23,8,101.88,4,25.47,3,card,False,True,1
2024-08-23,9,27.92,1,27.92,1,card,False,True,2
2024-08-23,10,78.86,3,26.29,3,card,False,True,1
2024-08-23,11,32.82,1,32.82,1,card,False,False,0
2024-08-23,13,23.02,1,23.02,1,card,False,False,2
2024-08-23,15,23.02,1,23.02,1,card,False,True,2
2024-08-23,19,32.82,1,32.82,1,card,False,False,0
2024-08-24,8,69.06,3,23.02,1,card,True,True,2
2024-08-24,10,59.26,3,19.75,2,card,True,True,2
2024-08-25,8,69.06,3,23.02,2,card,True,True,3
2024-08-25,9,32.82,1,32.82,1,card,True,True,0
2024-08-25,12,32.82,1,32.82,1,card,True,False,0
2024-08-25,14,32.82,1,32.82,1,card,True,True,0
2024-08-26,8,69.06,3,23.02,2,card,False,True,3
2024-08-26,9,27.92,1,27.92,1,card,False,True,2
2024-08-26,10,65.64,2,32.82,2,card,False,True,3
2024-08-26,12,46.04,2,23.02,1,card,False,False,2
2024-08-26,18,60.74,2,30.37,2,card,False,False,3
2024-08-26,22,27.92,1,27.92,1,card,False,False,2
2024-08-27,10,32.82,1,32.82,1,card,False,True,0
2024-08-28,12,83.76,3,27.92,3,card,False,False,1
2024-08-28,13,27.92,1,27.92,1,card,False,False,2
2024-08-29,7,23.02,1,23.02,1,card,False,False,2
2024-08-30,17,88.66,3,29.55,2,card,False,False,3
2024-08-31,9,23.02,1,23.02,1,card,True,True,2
2024-08-31,10,46.04,2,23.02,2,card,True,True,2
2024-08-31,11,73.96,3,24.65,2,card,True,False,3
2024-09-01,9,23.02,1,23.02,1,card,True,True,2
2024-09-01,12,111.68,4,27.92,3,card,True,False,1
2024-09-01,13,32.82,1,32.82,1,card,True,False,0
2024-09-01,14,27.92,1,27.92,1,card,True,True,2
2024-09-01,17,98.46,3,32.82,1,card,True,False,3
2024-09-02,8,93.56,3,31.19,2,card,False,True,3
2024-09-02,14,27.92,1,27.92,1,card,False,True,2
2024-09-02,20,111.68,4,27.92,3,card,False,False,1
2024-09-03,8,98.46,3,32.82,3,card,False,True,1
2024-09-03,9,247.86,8,30.98,4,card,False,True,1
2024-09-03,12,23.02,1,23.02,1,card,False,False,2
2024-09-03,14,55.84,2,27.92,1,card,False,True,2
2024-09-03,18,27.92,1,27.92,1,card,False,False,2
2024-09-03,19,60.74,2,30.37,2,card,False,False,3
2024-09-04,11,111.68,4,27.92,3,card,False,False,1
2024-09-04,12,32.82,1,32.82,1,card,False,False,0
2024-09-04,13,60.74,2,30.37,2,card,False,False,3
2024-09-04,18,32.82,1,32.82,1,card,False,False,0
2024-09-04,19,27.92,1,27.92,1,card,False,False,2
2024-09-04,21,32.82,1,32.82,1,card,False,False,0
2024-09-05,9,27.92,1,27.92,1,card,False,True,2
2024-09-05,10,27.92,1,27.92,1,card,False,True,2
2024-09-05,11,23.02,1,23.02,1,card,False,False,2
2024-09-05,14,32.82,1,32.82,1,card,False,True,0
2024-09-05,15,32.82,1,32.82,1,card,False,True,0
2024-09-05,16,50.94,2,25.47,2,card,False,True,3
2024-09-05,17,65.64,2,32.82,1,card,False,False,0
2024-09-05,20,88.66,3,29.55,2,card,False,False,3
2024-09-05,21,55.84,2,27.92,1,card,False,False,2
2024-09-06,8,88.66,3,29.55,3,card,False,True,1
2024-09-06,9,50.94,2,25.47,2,card,False,True,3
2024-09-06,10,32.82,1,32.82,1,card,False,True,0
2024-09-06,11,36.24,2,18.12,1,card,False,False,2
2024-09-06,20,32.82,1,32.82,1,card,False,False,0
2024-09-06,21,32.82,1,32.82,1,card,False,False,0
2024-09-07,8,32.82,1,32.82,1,card,True,True,0
2024-09-07,9,124.9,5,24.98,2,card,True,True,1
2024-09-07,10,115.1,5,23.02,4,card,True,True,1
2024-09-07,11,69.06,3,23.02,3,card,True,False,3
2024-09-07,15,32.82,1,32.82,1,card,True,True,0
2024-09-07,16,41.14,2,20.57,2,card,True,True,2
2024-09-07,19,98.46,3,32.82,2,card,True,False,3
2024-09-07,20,65.64,2,32.82,1,card,True,False,0
2024-09-08,8,23.02,1,23.02,1,card,True,True,2
2024-09-08,9,46.04,2,23.02,1,card,True,True,2
2024-09-08,10,23.02,1,23.02,1,card,True,True,2
2024-09-08,12,23.02,1,23.02,1,card,True,False,2
2024-09-08,20,23.02,1,23.02,1,card,True,False,2
2024-09-09,7,126.38,4,31.6,3,card,False,False,1
2024-09-09,9,98.46,3,32.82,2,card,False,True,3
2024-09-09,11,88.66,3,29.55,2,card,False,False,3
2024-09-09,12,18.12,1,18.12,1,card,False,False,2
2024-09-09,15,55.84,2,27.92,2,card,False,True,3
2024-09-09,17,32.82,1,32.82,1,card,False,False,0
2024-09-09,18,32.82,1,32.82,1,card,False,False,0
2024-09-09,20,65.64,2,32.82,2,card,False,False,3
2024-09-10,8,32.82,1,32.82,1,card,False,True,0
2024-09-10,9,32.82,1,32.82,1,card,False,True,0
2024-09-10,15,46.04,2,23.02,1,card,False,True,2
2024-09-10,18,60.74,2,30.37,2,card,False,False,3
2024-09-10,19,65.64,2,32.82,1,card,False,False,0
2024-09-10,21,50.94,2,25.47,2,card,False,False,3
2024-09-11,8,32.82,1,32.82,1,card,False,True,0
2024-09-11,9,27.92,1,27.92,1,card,False,True,2
2024-09-11,10,32.82,1,32.82,1,card,False,True,0
2024-09-11,19,32.82,1,32.82,1,card,False,False,0
2024-09-11,20,93.56,3,31.19,2,card,False,False,3
2024-09-11,21,23.02,1,23.02,1,card,False,False,2
2024-09-12,10,46.04,2,23.02,2,card,False,True,2
2024-09-12,11,27.92,1,27.92,1,card,False,False,2
2024-09-12,12,124.9,5,24.98,2,card,False,False,1
2024-09-12,17,32.82,1,32.82,1,card,False,False,0
2024-09-12,21,78.86,3,26.29,3,card,False,False,1
2024-09-13,7,32.82,1,32.82,1,card,False,False,0
2024-09-13,8,65.64,2,32.82,1,card,False,True,0
2024-09-13,9,32.82,1,32.82,1,card,False,True,0
2024-09-13,15,55.84,2,27.92,1,card,False,True,2
2024-09-14,16,65.64,2,32.82,1,card,True,True,0
2024-09-15,8,18.12,1,18.12,1,card,True,True,2
2024-09-15,9,27.92,1,27.92,1,card,True,True,2
2024-09-15,13,23.02,1,23.02,1,card,True,False,2
2024-09-15,14,78.86,3,26.29,2,card,True,True,3
2024-09-16,13,60.74,2,30.37,2,card,False,False,3
2024-09-16,15,32.82,1,32.82,1,card,False,True,0
2024-09-16,17,60.74,2,30.37,2,card,False,False,3
2024-09-16,18,65.64,2,32.82,1,card,False,False,0
2024-09-16,21,116.58,4,29.15,2,card,False,False,1
2024-09-17,7,23.02,1,23.02,1,card,False,False,2
2024-09-17,8,83.76,3,27.92,3,card,False,True,1
2024-09-17,9,88.66,3,29.55,2,card,False,True,3
2024-09-17,12,78.86,3,26.29,3,card,False,False,1
2024-09-17,13,50.94,2,25.47,2,card,False,False,3
2024-09-17,16,65.64,2,32.82,2,card,False,True,3
2024-09-17,18,32.82,1,32.82,1,card,False,False,0
2024-09-17,19,172.42,6,28.74,2,card,False,False,1
2024-09-17,22,65.64,2,32.82,1,card,False,False,0
2024-09-18,14,32.82,1,32.82,1,card,False,True,0
2024-09-18,17,32.82,1,32.82,1,card,False,False,0
2024-09-18,21,55.84,2,27.92,1,card,False,False,2
2024-09-19,8,50.94,2,25.47,2,card,False,True,3
2024-09-19,10,32.82,1,32.82,1,card,False,True,0
2024-09-19,12,23.02,1,23.02,1,card,False,False,2
2024-09-19,13,50.94,2,25.47,2,card,False,False,3
2024-09-20,8,27.92,1,27.92,1,card,False,True,2
2024-09-20,9,27.92,1,27.92,1,card,False,True,2
2024-09-20,13,27.92,1,27.92,1,card,False,False,2
2024-09-20,16,32.82,1,32.82,1,card,False,True,0
2024-09-20,20,23.02,1,23.02,1,card,False,False,2
2024-09-20,21,55.84,2,27.92,1,card,False,False,2
2024-09-21,11,111.68,4,27.92,3,card,True,False,1
2024-09-21,15,65.64,2,32.82,2,card,True,True,3
2024-09-21,18,65.64,2,32.82,1,card,True,False,0
2024-09-21,20,111.68,4,27.92,2,card,True,False,1
2024-09-21,22,73.96,3,24.65,2,card,True,False,3
2024-09-22,8,23.02,1,23.02,1,card,True,True,2
2024-09-22,10,60.74,2,30.37,2,card,True,True,3
2024-09-22,11,96.98,4,24.24,3,card,True,False,1
2024-09-22,12,27.92,1,27.92,1,card,True,False,2
2024-09-22,13,83.76,3,27.92,1,card,True,False,3
2024-09-22,15,60.74,2,30.37,2,card,True,True,3
2024-09-22,16,32.82,1,32.82,1,card,True,True,0
2024-09-22,20,121.48,4,30.37,3,card,True,False,1
2024-09-22,21,121.48,4,30.37,2,card,True,False,1
2024-09-22,22,50.94,2,25.47,2,card,True,False,3
2024-09-23,9,27.92,1,27.92,1,card,False,True,2
2024-09-23,10,23.02,1,23.02,1,card,False,True,2
2024-09-23,12,23.02,1,23.02,1,card,False,False,2
2024-09-23,14,27.92,1,27.92,1,card,False,True,2
2024-09-23,17,32.82,1,32.82,1,card,False,False,0
2024-09-23,18,23.02,1,23.02,1,card,False,False,2
2024-09-23,19,32.82,1,32.82,1,card,False,False,0
2024-09-23,20,32.82,1,32.82,1,card,False,False,0
2024-09-23,22,55.84,2,27.92,1,card,False,False,2
2024-09-24,8,27.92,1,27.92,1,card,False,True,2
2024-09-24,12,131.28,4,32.82,1,card,False,False,3
2024-09-24,14,55.84,2,27.92,2,card,False,True,3
2024-09-24,15,32.82,1,32.82,1,card,False,True,0
2024-09-24,16,32.82,1,32.82,1,card,False,True,0
2024-09-24,18,46.04,2,23.02,1,card,False,False,2
2024-09-24,20,32.82,1,32.82,1,card,False,False,0
2024-09-24,21,88.66,3,29.55,2,card,False,False,3
2024-09-25,7,32.82,1,32.82,1,card,False,False,0
2024-09-25,11,83.76,3,27.92,3,card,False,False,1
2024-09-25,13,55.84,2,27.92,1,card,False,False,2
2024-09-25,17,55.84,2,27.92,1,card,False,False,2
2024-09-25,21,23.02,1,23.02,1,card,False,False,2
2024-09-25,22,27.92,1,27.92,1,card,False,False,2
2024-09-26,8,32.82,1,32.82,1,card,False,True,0
2024-09-26,10,46.04,2,23.02,2,card,False,True,2
2024-09-26,11,32.82,1,32.82,1,card,False,False,0
2024-09-26,12,32.82,1,32.82,1,card,False,False,0
2024-09-26,18,32.82,1,32.82,1,card,False,False,0
2024-09-26,22,83.76,3,27.92,3,card,False,False,1
2024-09-27,9,83.76,3,27.92,3,card,False,True,1
2024-09-27,10,27.92,1,27.92,1,card,False,True,2
2024-09-27,11,27.92,1,27.92,1,card,False,False,2
2024-09-27,13,116.58,4,29.14,3,card,False,False,1
2024-09-27,18,131.28,4,32.82,2,card,False,False,1
2024-09-27,20,93.56,3,31.19,2,card,False,False,3
2024-09-28,8,27.92,1,27.92,1,card,True,True,2
2024-09-28,9,27.92,1,27.92,1,card,True,True,2
2024-09-28,14,35.76,1,35.76,1,card,True,True,0
2024-09-28,16,35.76,1,35.76,1,card,True,True,0
2024-09-28,17,30.86,1,30.86,1,card,True,False,0
2024-09-28,20,71.52,2,35.76,1,card,True,False,0
2024-09-28,22,133.24,4,33.31,4,card,True,False,1
2024-09-29,10,164.1,5,32.82,3,card,True,True,1
2024-09-29,12,133.24,4,33.31,2,card,True,False,1
2024-09-29,18,35.76,1,35.76,1,card,True,False,0
2024-09-29,22,35.76,1,35.76,1,card,True,False,0
2024-09-30,8,51.92,2,25.96,1,card,False,True,2
2024-09-30,9,35.76,1,35.76,1,card,False,True,0
2024-09-30,10,56.82,2,28.41,2,card,False,True,3
2024-09-30,11,30.86,1,30.86,1,card,False,False,0
2024-09-30,16,30.86,1,30.86,1,card,False,True,0
2024-09-30,19,128.34,4,32.08,3,card,False,False,1
2024-09-30,20,61.72,2,30.86,1,card,False,False,0
2024-09-30,21,30.86,1,30.86,1,card,False,False,0
2024-10-01,7,35.76,1,35.76,1,card,False,False,0
2024-10-01,9,30.86,1,30.86,1,card,False,True,0
2024-10-01,10,61.72,2,30.86,1,card,False,True,0
2024-10-01,11,30.86,1,30.86,1,card,False,False,0
2024-10-01,12,61.72,2,30.86,1,card,False,False,0
2024-10-01,14,56.82,2,28.41,2,card,False,True,3
2024-10-01,16,61.72,2,30.86,2,card,False,True,3
2024-10-01,18,107.28,3,35.76,2,card,False,False,3
2024-10-01,20,35.76,1,35.76,1,card,False,False,0
2024-10-02,7,35.76,1,35.76,1,card,False,False,0
2024-10-02,8,25.96,1,25.96,1,card,False,True,2
2024-10-02,9,30.86,1,30.86,1,card,False,True,0
2024-10-02,10,66.62,2,33.31,2,card,False,True,3
2024-10-02,11,35.76,1,35.76,1,card,False,False,0
2024-10-02,15,35.76,1,35.76,1,card,False,True,0
2024-10-02,18,35.76,1,35.76,1,card,False,False,0
2024-10-02,22,107.28,3,35.76,1,card,False,False,3
2024-10-03,13,35.76,1,35.76,1,card,False,False,0
2024-10-03,15,30.86,1,30.86,1,card,False,True,0
2024-10-03,20,61.72,2,30.86,2,card,False,False,3
2024-10-03,21,143.04,4,35.76,2,card,False,False,1
2024-10-04,8,51.92,2,25.96,1,card,False,True,2
2024-10-04,9,108.74,4,27.18,3,card,False,True,1
2024-10-04,17,107.28,3,35.76,3,card,False,False,1
2024-10-05,9,87.68,3,29.23,2,card,True,True,3
2024-10-05,13,35.76,1,35.76,1,card,True,False,0
2024-10-05,20,51.92,2,25.96,1,card,True,False,2
2024-10-06,8,25.96,1,25.96,1,card,True,True,2
2024-10-06,10,61.72,2,30.86,2,card,True,True,3
2024-10-06,11,35.76,1,35.76,1,card,True,False,0
2024-10-06,12,102.38,3,34.13,3,card,True,False,1
2024-10-06,13,164.1,5,32.82,4,card,True,False,1
2024-10-06,16,56.82,2,28.41,2,card,True,True,3
2024-10-06,18,66.62,2,33.31,2,card,True,False,3
2024-10-06,21,143.04,4,35.76,2,card,True,False,1
2024-10-07,8,102.38,3,34.13,2,card,False,True,3
2024-10-07,9,71.52,2,35.76,2,card,False,True,3
2024-10-07,12,30.86,1,30.86,1,card,False,False,0
2024-10-07,14,51.92,2,25.96,1,card,False,True,2
2024-10-07,17,35.76,1,35.76,1,card,False,False,0
2024-10-07,21,107.28,3,35.76,2,card,False,False,3
2024-10-08,8,35.76,1,35.76,1,card,False,True,0
2024-10-08,9,30.86,1,30.86,1,card,False,True,0
2024-10-08,10,61.72,2,30.86,2,card,False,True,3
2024-10-08,11,35.76,1,35.76,1,card,False,False,0
2024-10-08,12,51.92,2,25.96,1,card,False,False,2
2024-10-08,13,71.52,2,35.76,1,card,False,False,0
2024-10-08,14,35.76,1,35.76,1,card,False,True,0
2024-10-08,15,92.58,3,30.86,3,card,False,True,1
2024-10-08,20,107.28,3,35.76,3,card,False,False,1
2024-10-08,21,61.72,2,30.86,1,card,False,False,0
2024-10-09,7,35.76,1,35.76,1,card,False,False,0
2024-10-09,8,30.86,1,30.86,1,card,False,True,0
2024-10-09,9,66.62,2,33.31,2,card,False,True,3
2024-10-09,10,21.06,1,21.06,1,card,False,True,2
2024-10-09,11,25.96,1,25.96,1,card,False,False,2
2024-10-09,13,66.62,2,33.31,2,card,False,False,3
2024-10-09,17,82.78,3,27.59,3,card,False,False,1
2024-10-09,20,35.76,1,35.76,1,card,False,False,0
2024-10-10,8,25.96,1,25.96,1,card,False,True,2
2024-10-10,9,66.62,2,33.31,2,card,False,True,3
2024-10-10,10,123.44,4,30.86,2,card,False,True,1
2024-10-10,11,35.76,1,35.76,1,card,False,False,0
2024-10-10,15,35.76,1,35.76,1,card,False,True,0
2024-10-10,17,35.76,1,35.76,1,card,False,False,0
2024-10-10,18,92.58,3,30.86,3,card,False,False,1
2024-10-10,22,71.52,2,35.76,1,card,False,False,0
2024-10-11,7,30.86,1,30.86,1,card,False,False,0
2024-10-11,8,235.62,7,33.66,5,card,False,True,1
2024-10-11,9,56.82,2,28.41,2,card,False,True,3
2024-10-11,10,82.78,3,27.59,2,card,False,True,3
2024-10-11,13,87.68,3,29.23,2,card,False,False,3
2024-10-11,14,97.48,3,32.49,3,card,False,True,1
2024-10-11,17,107.28,3,35.76,2,card,False,False,3
2024-10-11,21,66.62,2,33.31,2,card,False,False,3
2024-10-11,22,71.52,2,35.76,1,card,False,False,0
2024-10-12,8,25.96,1,25.96,1,card,True,True,2
2024-10-12,10,51.92,2,25.96,1,card,True,True,2
2024-10-12,11,66.62,2,33.31,2,card,True,False,3
2024-10-12,13,35.76,1,35.76,1,card,True,False,0
2024-10-12,20,35.76,1,35.76,1,card,True,False,0
2024-10-13,9,25.96,1,25.96,1,card,True,True,2
2024-10-13,12,30.86,1,30.86,1,card,True,False,0
2024-10-13,13,72.98,3,24.33,2,card,True,False,3
2024-10-13,17,71.52,2,35.76,1,card,True,False,0
2024-10-13,18,35.76,1,35.76,1,card,True,False,0
2024-10-13,20,35.76,1,35.76,1,card,True,False,0
2024-10-14,8,30.86,1,30.86,1,card,False,True,0
2024-10-14,9,35.76,1,35.76,1,card,False,True,0
2024-10-14,10,97.48,3,32.49,2,card,False,True,3
2024-10-14,11,87.68,3,29.23,2,card,False,False,3
2024-10-14,14,71.52,2,35.76,1,card,False,True,0
2024-10-14,16,25.96,1,25.96,1,card,False,True,2
2024-10-14,18,71.52,2,35.76,2,card,False,False,3
2024-10-14,22,107.28,3,35.76,1,card,False,False,3
2024-10-15,8,47.02,2,23.51,2,card,False,True,2
2024-10-15,11,107.28,3,35.76,2,card,False,False,3
2024-10-15,13,66.62,2,33.31,2,card,False,False,3
2024-10-15,15,82.78,3,27.59,3,card,False,True,1
2024-10-15,17,35.76,1,35.76,1,card,False,False,0
2024-10-15,19,61.72,2,30.86,2,card,False,False,3
2024-10-15,20,71.52,2,35.76,1,card,False,False,0
2024-10-15,21,71.52,2,35.76,1,card,False,False,0
2024-10-15,22,35.76,1,35.76,1,card,False,False,0
2024-10-16,8,66.62,2,33.31,2,card,False,True,3
2024-10-16,9,35.76,1,35.76,1,card,False,True,0
2024-10-16,10,92.58,3,30.86,1,card,False,True,3
2024-10-16,11,25.96,1,25.96,1,card,False,False,2
2024-10-16,12,30.86,1,30.86,1,card,False,False,0
2024-10-16,13,25.96,1,25.96,1,card,False,False,2
2024-10-16,16,35.76,1,35.76,1,card,False,True,0
2024-10-16,17,30.86,1,30.86,1,card,False,False,0
2024-10-16,19,61.72,2,30.86,1,card,False,False,0
2024-10-16,21,35.76,1,35.76,1,card,False,False,0
2024-10-17,7,71.52,2,35.76,1,card,False,False,0
2024-10-17,9,30.86,1,30.86,1,card,False,True,0
2024-10-17,10,71.52,2,35.76,2,card,False,True,3
2024-10-17,11,30.86,1,30.86,1,card,False,False,0
2024-10-17,13,35.76,1,35.76,1,card,False,False,0
2024-10-17,14,25.96,1,25.96,1,card,False,True,2
2024-10-17,16,178.8,5,35.76,2,card,False,True,1
2024-10-17,17,71.52,2,35.76,2,card,False,False,3
2024-10-17,19,35.76,1,35.76,1,card,False,False,0
2024-10-17,20,30.86,1,30.86,1,card,False,False,0
2024-10-17,21,143.04,4,35.76,2,card,False,False,1
2024-10-18,8,71.52,2,35.76,1,card,False,True,0
2024-10-18,9,107.28,3,35.76,2,card,False,True,3
2024-10-18,11,35.76,1,35.76,1,card,False,False,0
2024-10-18,14,71.52,2,35.76,2,card,False,True,3
2024-10-18,15,25.96,1,25.96,1,card,False,True,2
2024-10-18,16,35.76,1,35.76,1,card,False,True,0
2024-10-18,17,35.76,1,35.76,1,card,False,False,0
2024-10-18,21,102.38,3,34.13,2,card,False,False,3
2024-10-18,22,35.76,1,35.76,1,card,False,False,0
2024-10-19,8,30.86,1,30.86,1,card,True,True,0
2024-10-19,13,35.76,1,35.76,1,card,True,False,0
2024-10-19,14,35.76,1,35.76,1,card,True,True,0
2024-10-19,15,71.52,2,35.76,2,card,True,True,3
2024-10-19,16,71.52,2,35.76,1,card,True,True,0
2024-10-19,21,35.76,1,35.76,1,card,True,False,0
2024-10-19,22,35.76,1,35.76,1,card,True,False,0
2024-10-20,8,71.52,2,35.76,2,card,True,True,3
2024-10-20,11,35.76,1,35.76,1,card,True,False,0
2024-10-20,14,61.72,2,30.86,2,card,True,True,3
2024-10-20,15,30.86,1,30.86,1,card,True,True,0
2024-10-20,16,71.52,2,35.76,1,card,True,True,0
2024-10-20,17,35.76,1,35.76,1,card,True,False,0
2024-10-20,18,71.52,2,35.76,1,card,True,False,0
2024-10-20,21,133.24,4,33.31,4,card,True,False,1
2024-10-20,22,35.76,1,35.76,1,card,True,False,0
2024-10-21,7,35.76,1,35.76,1,card,False,False,0
2024-10-21,8,35.76,1,35.76,1,card,False,True,0
2024-10-21,9,66.62,2,33.31,2,card,False,True,3
2024-10-21,10,77.88,3,25.96,2,card,False,True,3
2024-10-21,11,21.06,1,21.06,1,card,False,False,2
2024-10-21,12,35.76,1,35.76,1,card,False,False,0
2024-10-21,14,71.52,2,35.76,1,card,False,True,0
2024-10-21,15,56.82,2,28.41,2,card,False,True,3
2024-10-21,16,71.52,2,35.76,2,card,False,True,3
2024-10-21,19,35.76,1,35.76,1,card,False,False,0
2024-10-21,21,35.76,1,35.76,1,card,False,False,0
2024-10-21,22,71.52,2,35.76,2,card,False,False,3
2024-10-22,7,71.52,2,35.76,2,card,False,False,3
2024-10-22,8,30.86,1,30.86,1,card,False,True,0
2024-10-22,9,25.96,1,25.96,1,card,False,True,2
2024-10-22,10,47.02,2,23.51,2,card,False,True,2
2024-10-22,18,25.96,1,25.96,1,card,False,False,2
2024-10-22,19,71.52,2,35.76,2,card,False,False,3
2024-10-23,7,35.76,1,35.76,1,card,False,False,0
2024-10-23,8,30.86,1,30.86,1,card,False,True,0
2024-10-23,10,25.96,1,25.96,1,card,False,True,2
2024-10-23,12,30.86,1,30.86,1,card,False,False,0
2024-10-23,16,97.48,3,32.49,2,card,False,True,3
2024-10-23,17,21.06,1,21.06,1,card,False,False,2
2024-10-23,18,35.76,1,35.76,1,card,False,False,0
2024-10-23,19,35.76,1,35.76,1,card,False,False,0
2024-10-23,21,66.62,2,33.31,2,card,False,False,3
2024-10-23,22,35.76,1,35.76,1,card,False,False,0
2024-10-24,12,25.96,1,25.96,1,card,False,False,2
2024-10-24,13,35.76,1,35.76,1,card,False,False,0
2024-10-24,14,107.28,3,35.76,3,card,False,True,1
2024-10-24,15,71.52,2,35.76,1,card,False,True,0
2024-10-24,18,51.92,2,25.96,1,card,False,False,2
2024-10-24,19,35.76,1,35.76,1,card,False,False,0
2024-10-24,20,25.96,1,25.96,1,card,False,False,2
2024-10-24,21,143.04,4,35.76,2,card,False,False,1
2024-10-25,7,56.82,2,28.41,2,card,False,False,3
2024-10-25,8,107.28,3,35.76,2,card,False,True,3
2024-10-25,10,82.78,3,27.59,2,card,False,True,3
2024-10-25,11,71.52,2,35.76,1,card,False,False,0
2024-10-25,12,61.72,2,30.86,2,card,False,False,3
2024-10-25,14,35.76,1,35.76,1,card,False,True,0
2024-10-25,22,56.82,2,28.41,2,card,False,False,3
2024-10-26,7,35.76,1,35.76,1,card,True,False,0
2024-10-26,8,61.72,2,30.86,2,card,True,True,3
2024-10-26,10,25.96,1,25.96,1,card,True,True,2
2024-10-26,12,35.76,1,35.76,1,card,True,False,0
2024-10-26,13,35.76,1,35.76,1,card,True,False,0
2024-10-26,14,66.62,2,33.31,2,card,True,True,3
2024-10-26,15,185.16,6,30.86,3,card,True,True,1
2024-10-26,19,35.76,1,35.76,1,card,True,False,0
2024-10-26,20,30.86,1,30.86,1,card,True,False,0
2024-10-27,11,30.86,1,30.86,1,card,True,False,0
2024-10-27,12,66.62,2,33.31,2,card,True,False,3
2024-10-27,13,35.76,1,35.76,1,card,True,False,0
2024-10-27,16,35.76,1,35.76,1,card,True,True,0
2024-10-28,7,35.76,1,35.76,1,card,False,False,0
2024-10-28,8,61.72,2,30.86,2,card,False,True,3
2024-10-28,9,30.86,1,30.86,1,card,False,True,0
2024-10-28,11,71.52,2,35.76,1,card,False,False,0
2024-10-28,12,102.38,3,34.13,3,card,False,False,1
2024-10-28,14,92.58,3,30.86,1,card,False,True,3
2024-10-28,16,35.76,1,35.76,1,card,False,True,0
2024-10-28,17,71.52,2,35.76,1,card,False,False,0
2024-10-28,19,35.76,1,35.76,1,card,False,False,0
2024-10-28,21,30.86,1,30.86,1,card,False,False,0
2024-10-28,22,30.86,1,30.86,1,card,False,False,0
2024-10-29,8,71.52,2,35.76,1,card,False,True,0
2024-10-29,9,35.76,1,35.76,1,card,False,True,0
2024-10-29,11,30.86,1,30.86,1,card,False,False,0
2024-10-29,12,21.06,1,21.06,1,card,False,False,2
2024-10-29,14,87.68,3,29.23,2,card,False,True,3
2024-10-29,16,107.28,3,35.76,2,card,False,True,3
2024-10-29,18,61.72,2,30.86,1,card,False,False,0
2024-10-29,19,138.14,4,34.53,4,card,False,False,1
2024-10-29,20,35.76,1,35.76,1,card,False,False,0
2024-10-30,7,35.76,1,35.76,1,card,False,False,0
2024-10-30,8,61.72,2,30.86,1,card,False,True,0
2024-10-30,9,35.76,1,35.76,1,card,False,True,0
2024-10-30,10,71.52,2,35.76,1,card,False,True,0
2024-10-30,12,118.54,4,29.64,3,card,False,False,1
2024-10-30,15,71.52,2,35.76,1,card,False,True,0
2024-10-30,16,30.86,1,30.86,1,card,False,True,0
2024-10-30,18,35.76,1,35.76,1,card,False,False,0
2024-10-30,19,61.72,2,30.86,1,card,False,False,0
2024-10-31,7,35.76,1,35.76,1,card,False,False,0
2024-10-31,8,35.76,1,35.76,1,card,False,True,0
2024-10-31,9,30.86,1,30.86,1,card,False,True,0
2024-10-31,15,35.76,1,35.76,1,card,False,True,0
2024-10-31,16,30.86,1,30.86,1,card,False,True,0
2024-11-01,8,61.72,2,30.86,2,card,False,True,3
2024-11-01,10,35.76,1,35.76,1,card,False,True,0
2024-11-01,12,71.52,2,35.76,1,card,False,False,0
2024-11-01,15,25.96,1,25.96,1,card,False,True,2
2024-11-01,22,30.86,1,30.86,1,card,False,False,0
2024-11-02,8,25.96,1,25.96,1,card,True,True,2
2024-11-02,10,66.62,2,33.31,2,card,True,True,3
2024-11-02,14,30.86,1,30.86,1,card,True,True,0
2024-11-02,16,107.28,3,35.76,2,card,True,True,3
2024-11-02,18,56.82,2,28.41,2,card,True,False,3
2024-11-03,8,25.96,1,25.96,1,card,True,True,2
2024-11-03,9,61.72,2,30.86,1,card,True,True,0
2024-11-03,13,159.2,5,31.84,4,card,True,False,1
2024-11-03,16,123.44,4,30.86,2,card,True,True,1
2024-11-03,20,35.76,1,35.76,1,card,True,False,0
2024-11-04,7,35.76,1,35.76,1,card,False,False,0
2024-11-04,8,66.62,2,33.31,2,card,False,True,3
2024-11-04,12,56.82,2,28.41,2,card,False,False,3
2024-11-04,14,71.52,2,35.76,1,card,False,True,0
2024-11-05,7,35.76,1,35.76,1,card,False,False,0
2024-11-05,9,97.48,3,32.49,2,card,False,True,3
2024-11-05,10,30.86,1,30.86,1,card,False,True,0
2024-11-05,11,71.52,2,35.76,2,card,False,False,3
2024-11-05,14,71.52,2,35.76,1,card,False,True,0
2024-11-05,18,107.28,3,35.76,1,card,False,False,3
2024-11-05,21,107.28,3,35.76,2,card,False,False,3
2024-11-05,22,66.62,2,33.31,2,card,False,False,3
2024-11-06,8,35.76,1,35.76,1,card,False,True,0
2024-11-06,11,21.06,1,21.06,1,card,False,False,2
2024-11-06,13,25.96,1,25.96,1,card,False,False,2
2024-11-06,15,35.76,1,35.76,1,card,False,True,0
2024-11-06,16,71.52,2,35.76,2,card,False,True,3
2024-11-06,18,71.52,2,35.76,1,card,False,False,0
2024-11-07,12,35.76,1,35.76,1,card,False,False,0
2024-11-07,15,25.96,1,25.96,1,card,False,True,2
2024-11-07,16,25.96,1,25.96,1,card,False,True,2
2024-11-07,18,35.76,1,35.76,1,card,False,False,0
2024-11-07,19,71.52,2,35.76,2,card,False,False,3
2024-11-07,20,35.76,1,35.76,1,card,False,False,0
2024-11-08,9,82.78,3,27.59,2,card,False,True,3
2024-11-08,11,35.76,1,35.76,1,card,False,False,0
2024-11-08,13,71.52,2,35.76,1,card,False,False,0
2024-11-08,16,61.72,2,30.86,1,card,False,True,0
2024-11-08,20,107.28,3,35.76,1,card,False,False,3
2024-11-08,22,35.76,1,35.76,1,card,False,False,0
2024-11-09,10,30.86,1,30.86,1,card,True,True,0
2024-11-09,11,87.68,3,29.23,2,card,True,False,3
2024-11-09,13,71.52,2,35.76,1,card,True,False,0
2024-11-09,14,97.48,3,32.49,2,card,True,True,3
2024-11-09,15,30.86,1,30.86,1,card,True,True,0
2024-11-09,16,71.52,2,35.76,2,card,True,True,3
2024-11-09,20,61.72,2,30.86,2,card,True,False,3
2024-11-09,22,87.68,3,29.23,2,card,True,False,3
2024-11-10,9,25.96,1,25.96,1,card,True,True,2
2024-11-10,17,35.76,1,35.76,1,card,True,False,0
2024-11-10,18,71.52,2,35.76,1,card,True,False,0
2024-11-10,20,71.52,2,35.76,1,card,True,False,0
2024-11-11,7,35.76,1,35.76,1,card,False,False,0
2024-11-11,9,30.86,1,30.86,1,card,False,True,0
2024-11-11,10,25.96,1,25.96,1,card,False,True,2
2024-11-11,16,71.52,2,35.76,2,card,False,True,3
2024-11-11,17,35.76,1,35.76,1,card,False,False,0
2024-11-11,19,71.52,2,35.76,2,card,False,False,3
2024-11-11,21,71.52,2,35.76,1,card,False,False,0
2024-11-12,10,35.76,1,35.76,1,card,False,True,0
2024-11-12,13,35.76,1,35.76,1,card,False,False,0
2024-11-12,14,35.76,1,35.76,1,card,False,True,0
2024-11-12,16,107.28,3,35.76,2,card,False,True,3
2024-11-12,18,35.76,1,35.76,1,card,False,False,0
2024-11-12,20,71.52,2,35.76,2,card,False,False,3
2024-11-13,8,30.86,1,30.86,1,card,False,True,0
2024-11-13,10,35.76,1,35.76,1,card,False,True,0
2024-11-13,13,61.72,2,30.86,1,card,False,False,0
2024-11-13,14,66.62,2,33.31,2,card,False,True,3
2024-11-14,9,35.76,1,35.76,1,card,False,True,0
2024-11-14,10,25.96,1,25.96,1,card,False,True,2
2024-11-14,12,21.06,1,21.06,1,card,False,False,2
2024-11-14,15,107.28,3,35.76,2,card,False,True,3
2024-11-14,16,66.62,2,33.31,2,card,False,True,3
2024-11-14,19,71.52,2,35.76,1,card,False,False,0
2024-11-14,20,71.52,2,35.76,2,card,False,False,3
2024-11-14,21,35.76,1,35.76,1,card,False,False,0
2024-11-14,22,35.76,1,35.76,1,card,False,False,0
2024-11-15,8,30.86,1,30.86,1,card,False,True,0
2024-11-15,11,30.86,1,30.86,1,card,False,False,0
2024-11-15,12,71.52,2,35.76,1,card,False,False,0
2024-11-15,13,35.76,1,35.76,1,card,False,False,0
2024-11-15,15,25.96,1,25.96,1,card,False,True,2
2024-11-15,17,66.62,2,33.31,2,card,False,False,3
2024-11-15,18,97.48,3,32.49,2,card,False,False,3
2024-11-16,10,51.92,2,25.96,1,card,True,True,2
2024-11-16,11,97.48,3,32.49,3,card,True,False,1
2024-11-16,12,138.14,4,34.53,3,card,True,False,1
2024-11-16,13,102.38,3,34.13,2,card,True,False,3
2024-11-16,14,30.86,1,30.86,1,card,True,True,0
2024-11-17,10,30.86,1,30.86,1,card,True,True,0
2024-11-17,13,30.86,1,30.86,1,card,True,False,0
2024-11-17,14,56.82,2,28.41,2,card,True,True,3
2024-11-17,16,71.52,2,35.76,1,card,True,True,0
2024-11-17,18,35.76,1,35.76,1,card,True,False,0
2024-11-17,19,71.52,2,35.76,1,card,True,False,0
2024-11-18,7,97.48,3,32.49,2,card,False,False,3
2024-11-18,16,71.52,2,35.76,1,card,False,True,0
2024-11-18,18,35.76,1,35.76,1,card,False,False,0
2024-11-19,7,159.2,5,31.84,4,card,False,False,1
2024-11-19,10,30.86,1,30.86,1,card,False,True,0
2024-11-19,11,35.76,1,35.76,1,card,False,False,0
2024-11-19,16,143.04,4,35.76,2,card,False,True,1
2024-11-20,13,30.86,1,30.86,1,card,False,False,0
2024-11-20,16,35.76,1,35.76,1,card,False,True,0
2024-11-20,17,71.52,2,35.76,2,card,False,False,3
2024-11-21,11,25.96,1,25.96,1,card,False,False,2
2024-11-21,12,71.52,2,35.76,2,card,False,False,3
2024-11-21,13,35.76,1,35.76,1,card,False,False,0
2024-11-21,16,35.76,1,35.76,1,card,False,True,0
2024-11-21,17,56.82,2,28.41,2,card,False,False,3
2024-11-21,19,35.76,1,35.76,1,card,False,False,0
2024-11-22,7,35.76,1,35.76,1,card,False,False,0
2024-11-22,10,35.76,1,35.76,1,card,False,True,0
2024-11-22,11,71.52,2,35.76,2,card,False,False,3
2024-11-22,16,71.52,2,35.76,2,card,False,True,3
2024-11-23,9,51.92,2,25.96,1,card,True,True,2
2024-11-23,10,35.76,1,35.76,1,card,True,True,0
2024-11-23,11,123.44,4,30.86,3,card,True,False,1
2024-11-23,22,35.76,1,35.76,1,card,True,False,0
2024-11-24,8,35.76,1,35.76,1,card,True,True,0
2024-11-25,7,71.52,2,35.76,2,card,False,False,3
2024-11-25,9,30.86,1,30.86,1,card,False,True,0
2024-11-25,10,25.96,1,25.96,1,card,False,True,2
2024-11-25,12,71.52,2,35.76,1,card,False,False,0
2024-11-25,16,35.76,1,35.76,1,card,False,True,0
2024-11-25,19,66.62,2,33.31,2,card,False,False,3
2024-11-25,21,71.52,2,35.76,2,card,False,False,3
2024-11-26,7,35.76,1,35.76,1,card,False,False,0
2024-11-26,11,133.24,4,33.31,2,card,False,False,1
2024-11-26,16,71.52,2,35.76,1,card,False,True,0
2024-11-26,17,56.82,2,28.41,2,card,False,False,3
2024-11-26,19,35.76,1,35.76,1,card,False,False,0
2024-11-28,8,35.76,1,35.76,1,card,False,True,0
2024-11-28,9,30.86,1,30.86,1,card,False,True,0
2024-11-28,20,102.38,3,34.13,2,card,False,False,3
2024-11-28,22,35.76,1,35.76,1,card,False,False,0
2024-11-29,7,71.52,2,35.76,2,card,False,False,3
2024-11-29,9,61.72,2,30.86,1,card,False,True,0
2024-11-29,15,66.62,2,33.31,2,card,False,True,3
2024-11-29,20,35.76,1,35.76,1,card,False,False,0
2024-11-30,12,35.76,1,35.76,1,card,True,False,0
2024-11-30,14,97.48,3,32.49,3,card,True,True,1
2024-11-30,15,30.86,1,30.86,1,card,True,True,0
2024-11-30,22,30.86,1,30.86,1,card,True,False,0
2024-12-01,10,92.58,3,30.86,1,card,True,True,3
2024-12-01,14,30.86,1,30.86,1,card,True,True,0
2024-12-01,15,178.8,5,35.76,3,card,True,True,1
2024-12-01,16,71.52,2,35.76,1,card,True,True,0
2024-12-01,17,61.72,2,30.86,1,card,True,False,0
2024-12-01,18,30.86,1,30.86,1,card,True,False,0
2024-12-02,7,61.72,2,30.86,2,card,False,False,3
2024-12-02,8,66.62,2,33.31,2,card,False,True,3
2024-12-02,11,25.96,1,25.96,1,card,False,False,2
2024-12-02,15,21.06,1,21.06,1,card,False,True,2
2024-12-02,16,35.76,1,35.76,1,card,False,True,0
2024-12-02,17,25.96,1,25.96,1,card,False,False,2
2024-12-02,18,35.76,1,35.76,1,card,False,False,0
2024-12-03,8,35.76,1,35.76,1,card,False,True,0
2024-12-03,9,61.72,2,30.86,1,card,False,True,0
2024-12-03,11,118.54,4,29.64,2,card,False,False,1
2024-12-03,20,35.76,1,35.76,1,card,False,False,0
2024-12-03,21,107.28,3,35.76,3,card,False,False,1
2024-12-03,22,66.62,2,33.31,2,card,False,False,3
2024-12-04,8,97.48,3,32.49,2,card,False,True,3
2024-12-04,9,25.96,1,25.96,1,card,False,True,2
2024-12-04,10,128.34,4,32.08,2,card,False,True,1
2024-12-04,11,30.86,1,30.86,1,card,False,False,0
2024-12-04,14,35.76,1,35.76,1,card,False,True,0
2024-12-05,8,25.96,1,25.96,1,card,False,True,2
2024-12-05,9,25.96,1,25.96,1,card,False,True,2
2024-12-05,10,61.72,2,30.86,1,card,False,True,0
2024-12-05,11,61.72,2,30.86,2,card,False,False,3
2024-12-05,14,35.76,1,35.76,1,card,False,True,0
2024-12-05,15,35.76,1,35.76,1,card,False,True,0
2024-12-05,16,35.76,1,35.76,1,card,False,True,0
2024-12-06,11,35.76,1,35.76,1,card,False,False,0
2024-12-06,16,35.76,1,35.76,1,card,False,True,0
2024-12-06,22,71.52,2,35.76,2,card,False,False,3
2024-12-07,11,30.86,1,30.86,1,card,True,False,0
2024-12-07,14,25.96,1,25.96,1,card,True,True,2
2024-12-07,15,35.76,1,35.76,1,card,True,True,0
2024-12-07,19,35.76,1,35.76,1,card,True,False,0
2024-12-07,22,56.82,2,28.41,2,card,True,False,3
2024-12-08,8,25.96,1,25.96,1,card,True,True,2
2024-12-08,10,71.52,2,35.76,2,card,True,True,3
2024-12-08,12,25.96,1,25.96,1,card,True,False,2
2024-12-08,13,61.72,2,30.86,1,card,True,False,0
2024-12-08,17,35.76,1,35.76,1,card,True,False,0
2024-12-08,18,21.06,1,21.06,1,card,True,False,2
2024-12-08,20,35.76,1,35.76,1,card,True,False,0
2024-12-08,21,61.72,2,30.86,1,card,True,False,0
2024-12-09,8,35.76,1,35.76,1,card,False,True,0
2024-12-09,9,56.82,2,28.41,2,card,False,True,3
2024-12-09,13,25.96,1,25.96,1,card,False,False,2
2024-12-09,21,35.76,1,35.76,1,card,False,False,0
2024-12-10,12,25.96,1,25.96,1,card,False,False,2
2024-12-10,18,35.76,1,35.76,1,card,False,False,0
2024-12-11,7,35.76,1,35.76,1,card,False,False,0
2024-12-11,10,25.96,1,25.96,1,card,False,True,2
2024-12-11,12,56.82,2,28.41,2,card,False,False,3
2024-12-11,17,35.76,1,35.76,1,card,False,False,0
2024-12-11,21,71.52,2,35.76,1,card,False,False,0
2024-12-12,7,30.86,1,30.86,1,card,False,False,0
2024-12-12,12,25.96,1,25.96,1,card,False,False,2
2024-12-12,16,68.08,3,22.69,2,card,False,True,3
2024-12-12,19,71.52,2,35.76,1,card,False,False,0
2024-12-13,12,87.68,3,29.23,2,card,False,False,3
2024-12-13,14,35.76,1,35.76,1,card,False,True,0
2024-12-13,16,35.76,1,35.76,1,card,False,True,0
2024-12-13,19,71.52,2,35.76,1,card,False,False,0
2024-12-13,21,35.76,1,35.76,1,card,False,False,0
2024-12-14,8,30.86,1,30.86,1,card,True,True,0
2024-12-14,9,35.76,1,35.76,1,card,True,True,0
2024-12-14,11,35.76,1,35.76,1,card,True,False,0
2024-12-14,13,61.72,2,30.86,2,card,True,False,3
2024-12-14,16,87.68,3,29.23,2,card,True,True,3
2024-12-14,17,51.92,2,25.96,1,card,True,False,2
2024-12-14,18,30.86,1,30.86,1,card,True,False,0
2024-12-15,11,71.52,2,35.76,2,card,True,False,3
2024-12-15,17,35.76,1,35.76,1,card,True,False,0
2024-12-16,7,35.76,1,35.76,1,card,False,False,0
2024-12-16,8,71.52,2,35.76,2,card,False,True,3
2024-12-16,12,30.86,1,30.86,1,card,False,False,0
2024-12-16,13,35.76,1,35.76,1,card,False,False,0
2024-12-16,14,35.76,1,35.76,1,card,False,True,0
2024-12-16,18,66.62,2,33.31,2,card,False,False,3
2024-12-17,8,61.72,2,30.86,2,card,False,True,3
2024-12-17,10,30.86,1,30.86,1,card,False,True,0
2024-12-17,16,61.72,2,30.86,2,card,False,True,3
2024-12-17,17,35.76,1,35.76,1,card,False,False,0
2024-12-17,18,35.76,1,35.76,1,card,False,False,0
2024-12-18,9,35.76,1,35.76,1,card,False,True,0
2024-12-18,10,102.38,3,34.13,3,card,False,True,1
2024-12-19,10,35.76,1,35.76,1,card,False,True,0
2024-12-19,11,30.86,1,30.86,1,card,False,False,0
2024-12-19,12,21.06,1,21.06,1,card,False,False,2
2024-12-19,13,35.76,1,35.76,1,card,False,False,0
2024-12-19,19,138.14,4,34.53,3,card,False,False,1
2024-12-19,21,71.52,2,35.76,2,card,False,False,3
2024-12-20,8,25.96,1,25.96,1,card,False,True,2
2024-12-20,9,30.86,1,30.86,1,card,False,True,0
2024-12-20,10,61.72,2,30.86,2,card,False,True,3
2024-12-20,12,51.92,2,25.96,2,card,False,False,3
2024-12-20,14,25.96,1,25.96,1,card,False,True,2
2024-12-20,18,71.52,2,35.76,1,card,False,False,0
2024-12-21,10,97.48,3,32.49,3,card,True,True,1
2024-12-21,15,138.14,4,34.53,3,card,True,True,1
2024-12-21,17,35.76,1,35.76,1,card,True,False,0
2024-12-21,18,61.72,2,30.86,2,card,True,False,3
2024-12-21,19,56.82,2,28.41,2,card,True,False,3
2024-12-21,21,61.72,2,30.86,2,card,True,False,3
2024-12-21,22,25.96,1,25.96,1,card,True,False,2
2024-12-22,10,35.76,1,35.76,1,card,True,True,0
2024-12-22,18,35.76,1,35.76,1,card,True,False,0
2024-12-22,19,71.52,2,35.76,1,card,True,False,0
2024-12-22,20,35.76,1,35.76,1,card,True,False,0
2024-12-22,21,61.72,2,30.86,2,card,True,False,3
2024-12-23,9,56.82,2,28.41,2,card,False,True,3
2024-12-23,10,30.86,1,30.86,1,card,False,True,0
2024-12-23,11,35.76,1,35.76,1,card,False,False,0
2024-12-23,14,35.76,1,35.76,1,card,False,True,0
2024-12-23,15,30.86,1,30.86,1,card,False,True,0
2024-12-23,16,35.76,1,35.76,1,card,False,True,0
2024-12-23,17,61.72,2,30.86,2,card,False,False,3
2024-12-23,20,25.96,1,25.96,1,card,False,False,2
2024-12-24,15,30.86,1,30.86,1,card,False,True,0
2024-12-24,16,35.76,1,35.76,1,card,False,True,0
2024-12-24,17,25.96,1,25.96,1,card,False,False,2
2024-12-24,19,128.34,4,32.08,4,card,False,False,1
2024-12-25,10,71.52,2,35.76,1,card,False,True,0
2024-12-25,12,56.82,2,28.41,2,card,False,False,3
2024-12-25,13,56.82,2,28.41,2,card,False,False,3
2024-12-25,20,35.76,1,35.76,1,card,False,False,0
2024-12-25,21,107.28,3,35.76,2,card,False,False,3
2024-12-25,22,66.62,2,33.31,2,card,False,False,3
2024-12-26,13,35.76,1,35.76,1,card,False,False,0
2024-12-26,15,21.06,1,21.06,1,card,False,True,2
2024-12-27,7,25.96,1,25.96,1,card,False,False,2
2024-12-27,8,25.96,1,25.96,1,card,False,True,2
2024-12-27,9,25.96,1,25.96,1,card,False,True,2
2024-12-27,10,30.86,1,30.86,1,card,False,True,0
2024-12-27,17,35.76,1,35.76,1,card,False,False,0
2024-12-27,19,56.82,2,28.41,2,card,False,False,3
2024-12-27,22,35.76,1,35.76,1,card,False,False,0
2024-12-28,9,51.92,2,25.96,1,card,True,True,2
2024-12-28,10,66.62,2,33.31,2,card,True,True,3
2024-12-28,14,71.52,2,35.76,2,card,True,True,3
2024-12-28,17,35.76,1,35.76,1,card,True,False,0
2024-12-28,22,35.76,1,35.76,1,card,True,False,0
2024-12-29,13,25.96,1,25.96,1,card,True,False,2
2024-12-29,15,47.02,2,23.51,2,card,True,True,2
2024-12-29,17,47.02,2,23.51,2,card,True,False,2
2024-12-29,19,25.96,1,25.96,1,card,True,False,2
2024-12-29,20,35.76,1,35.76,1,card,True,False,0
2024-12-29,21,35.76,1,35.76,1,card,True,False,0
2024-12-30,9,56.82,2,28.41,2,card,False,True,3
2024-12-30,13,71.52,2,35.76,2,card,False,False,3
2024-12-30,15,66.62,2,33.31,2,card,False,True,3
2024-12-30,16,92.58,3,30.86,3,card,False,True,1
2024-12-31,8,25.96,1,25.96,1,card,False,True,2
2024-12-31,9,97.48,3,32.49,3,card,False,True,1
2024-12-31,10,61.72,2,30.86,1,card,False,True,0
2024-12-31,11,66.62,2,33.31,2,card,False,False,3
2024-12-31,15,47.02,2,23.51,2,card,False,True,2
2024-12-31,16,35.76,1,35.76,1,card,False,True,0
2024-12-31,17,102.38,3,34.13,3,card,False,False,1
2024-12-31,19,71.52,2,35.76,2,card,False,False,3
2025-01-02,9,30.86,1,30.86,1,card,False,True,0
2025-01-02,13,71.52,2,35.76,1,card,False,False,0
2025-01-02,14,51.92,2,25.96,1,card,False,True,2
2025-01-02,16,92.58,3,30.86,3,card,False,True,1
2025-01-02,17,35.76,1,35.76,1,card,False,False,0
2025-01-03,9,25.96,1,25.96,1,card,False,True,2
2025-01-03,10,30.86,1,30.86,1,card,False,True,0
2025-01-03,16,30.86,1,30.86,1,card,False,True,0
2025-01-03,22,123.44,4,30.86,3,card,False,False,1
2025-01-04,8,25.96,1,25.96,1,card,True,True,2
2025-01-04,9,25.96,1,25.96,1,card,True,True,2
2025-01-04,13,35.76,1,35.76,1,card,True,False,0
2025-01-04,15,35.76,1,35.76,1,card,True,True,0
2025-01-04,16,128.34,4,32.08,3,card,True,True,1
2025-01-04,18,25.96,1,25.96,1,card,True,False,2
2025-01-04,22,35.76,1,35.76,1,card,True,False,0
2025-01-05,9,30.86,1,30.86,1,card,True,True,0
2025-01-05,10,35.76,1,35.76,1,card,True,True,0
2025-01-05,22,30.86,1,30.86,1,card,True,False,0
2025-01-06,19,25.96,1,25.96,1,card,False,False,2
2025-01-07,13,35.76,1,35.76,1,card,False,False,0
2025-01-07,22,71.52,2,35.76,1,card,False,False,0
2025-01-08,7,30.86,1,30.86,1,card,False,False,0
2025-01-08,9,35.76,1,35.76,1,card,False,True,0
2025-01-08,10,25.96,1,25.96,1,card,False,True,2
2025-01-08,17,35.76,1,35.76,1,card,False,False,0
2025-01-09,8,61.72,2,30.86,2,card,False,True,3
2025-01-09,9,30.86,1,30.86,1,card,False,True,0
2025-01-09,14,21.06,1,21.06,1,card,False,True,2
2025-01-09,15,92.58,3,30.86,3,card,False,True,1
2025-01-09,20,30.86,1,30.86,1,card,False,False,0
2025-01-09,22,35.76,1,35.76,1,card,False,False,0
2025-01-10,8,30.86,1,30.86,1,card,False,True,0
2025-01-10,9,30.86,1,30.86,1,card,False,True,0
2025-01-10,17,102.38,3,34.13,3,card,False,False,1
2025-01-11,7,30.86,1,30.86,1,card,True,False,0
2025-01-11,10,35.76,1,35.76,1,card,True,True,0
2025-01-11,11,97.48,3,32.49,2,card,True,False,3
2025-01-11,12,71.52,2,35.76,1,card,True,False,0
2025-01-11,14,133.24,4,33.31,3,card,True,True,1
2025-01-11,17,87.68,3,29.23,2,card,True,False,3
2025-01-11,18,30.86,1,30.86,1,card,True,False,0
2025-01-12,11,87.68,3,29.23,2,card,True,False,3
2025-01-12,16,35.76,1,35.76,1,card,True,True,0
2025-01-12,20,30.86,1,30.86,1,card,True,False,0
2025-01-13,8,30.86,1,30.86,1,card,False,True,0
2025-01-13,9,30.86,1,30.86,1,card,False,True,0
2025-01-13,13,61.72,2,30.86,2,card,False,False,3
2025-01-13,14,71.52,2,35.76,2,card,False,True,3
2025-01-13,16,35.76,1,35.76,1,card,False,True,0
2025-01-13,20,21.06,1,21.06,1,card,False,False,2
2025-01-14,7,35.76,1,35.76,1,card,False,False,0
2025-01-14,9,25.96,1,25.96,1,card,False,True,2
2025-01-14,10,30.86,1,30.86,1,card,False,True,0
2025-01-14,12,35.76,1,35.76,1,card,False,False,0
2025-01-14,16,61.72,2,30.86,1,card,False,True,0
2025-01-14,19,35.76,1,35.76,1,card,False,False,0
2025-01-14,21,35.76,1,35.76,1,card,False,False,0
2025-01-15,9,30.86,1,30.86,1,card,False,True,0
2025-01-15,11,25.96,1,25.96,1,card,False,False,2
2025-01-15,13,35.76,1,35.76,1,card,False,False,0
2025-01-15,15,107.28,3,35.76,2,card,False,True,3
2025-01-15,16,35.76,1,35.76,1,card,False,True,0
2025-01-15,18,35.76,1,35.76,1,card,False,False,0
2025-01-15,19,35.76,1,35.76,1,card,False,False,0
2025-01-15,21,35.76,1,35.76,1,card,False,False,0
2025-01-16,9,66.62,2,33.31,2,card,False,True,3
2025-01-16,10,30.86,1,30.86,1,card,False,True,0
2025-01-16,12,25.96,1,25.96,1,card,False,False,2
2025-01-16,15,35.76,1,35.76,1,card,False,True,0
2025-01-16,16,35.76,1,35.76,1,card,False,True,0
2025-01-16,18,35.76,1,35.76,1,card,False,False,0
2025-01-16,21,97.48,3,32.49,2,card,False,False,3
2025-01-17,7,35.76,1,35.76,1,card,False,False,0
2025-01-17,8,102.38,3,34.13,3,card,False,True,1
2025-01-17,9,30.86,1,30.86,1,card,False,True,0
2025-01-17,14,71.52,2,35.76,1,card,False,True,0
2025-01-17,17,35.76,1,35.76,1,card,False,False,0
2025-01-17,21,35.76,1,35.76,1,card,False,False,0
2025-01-18,10,30.86,1,30.86,1,card,True,True,0
2025-01-18,16,107.28,3,35.76,2,card,True,True,3
2025-01-20,8,30.86,1,30.86,1,card,False,True,0
2025-01-20,10,30.86,1,30.86,1,card,False,True,0
2025-01-20,11,25.96,1,25.96,1,card,False,False,2
2025-01-20,12,51.92,2,25.96,2,card,False,False,3
2025-01-20,13,30.86,1,30.86,1,card,False,False,0
2025-01-20,20,107.28,3,35.76,2,card,False,False,3
2025-01-20,21,35.76,1,35.76,1,card,False,False,0
2025-01-21,8,92.58,3,30.86,3,card,False,True,1
2025-01-21,15,25.96,1,25.96,1,card,False,True,2
2025-01-21,18,107.28,3,35.76,2,card,False,False,3
2025-01-21,19,25.96,1,25.96,1,card,False,False,2
2025-01-22,11,21.06,1,21.06,1,card,False,False,2
2025-01-22,17,30.86,1,30.86,1,card,False,False,0
2025-01-22,18,35.76,1,35.76,1,card,False,False,0
2025-01-22,19,102.38,3,34.13,3,card,False,False,1
2025-01-22,20,30.86,1,30.86,1,card,False,False,0
2025-01-24,13,61.72,2,30.86,2,card,False,False,3
2025-01-24,15,35.76,1,35.76,1,card,False,True,0
2025-01-24,17,25.96,1,25.96,1,card,False,False,2
2025-01-24,21,35.76,1,35.76,1,card,False,False,0
2025-01-24,22,71.52,2,35.76,2,card,False,False,3
2025-01-25,13,35.76,1,35.76,1,card,True,False,0
2025-01-25,14,61.72,2,30.86,2,card,True,True,3
2025-01-26,12,47.02,2,23.51,2,card,True,False,2
2025-01-27,8,51.92,2,25.96,2,card,False,True,3
2025-01-27,12,35.76,1,35.76,1,card,False,False,0
2025-01-27,13,30.86,1,30.86,1,card,False,False,0
2025-01-27,15,87.68,3,29.23,2,card,False,True,3
2025-01-27,18,35.76,1,35.76,1,card,False,False,0
2025-01-27,19,71.52,2,35.76,1,card,False,False,0
2025-01-28,8,35.76,1,35.76,1,card,False,True,0
2025-01-28,9,25.96,1,25.96,1,card,False,True,2
2025-01-28,11,30.86,1,30.86,1,card,False,False,0
2025-01-28,12,25.96,1,25.96,1,card,False,False,2
2025-01-28,16,61.72,2,30.86,2,card,False,True,3
2025-01-28,17,25.96,1,25.96,1,card,False,False,2
2025-01-28,20,71.52,2,35.76,2,card,False,False,3
2025-01-29,9,25.96,1,25.96,1,card,False,True,2
2025-01-29,16,25.96,1,25.96,1,card,False,True,2
2025-01-29,19,51.92,2,25.96,2,card,False,False,3
2025-01-30,9,30.86,1,30.86,1,card,False,True,0
2025-01-30,10,30.86,1,30.86,1,card,False,True,0
2025-01-30,11,25.96,1,25.96,1,card,False,False,2
2025-01-30,12,35.76,1,35.76,1,card,False,False,0
2025-01-30,13,25.96,1,25.96,1,card,False,False,2
2025-01-30,14,30.86,1,30.86,1,card,False,True,0
2025-01-30,17,35.76,1,35.76,1,card,False,False,0
2025-01-30,18,56.82,2,28.41,2,card,False,False,3
2025-01-31,8,56.82,2,28.41,2,card,False,True,3
2025-01-31,9,138.14,4,34.53,3,card,False,True,1
2025-01-31,12,71.52,2,35.76,1,card,False,False,0
2025-01-31,14,35.76,1,35.76,1,card,False,True,0
2025-01-31,16,30.86,1,30.86,1,card,False,True,0
2025-01-31,22,56.82,2,28.41,2,card,False,False,3
2025-02-01,8,30.86,1,30.86,1,card,True,True,0
2025-02-01,10,30.86,1,30.86,1,card,True,True,0
2025-02-01,13,51.92,2,25.96,1,card,True,False,2
2025-02-01,14,71.52,2,35.76,1,card,True,True,0
2025-02-01,15,35.76,1,35.76,1,card,True,True,0
2025-02-01,18,35.76,1,35.76,1,card,True,False,0
2025-02-01,19,61.72,2,30.86,1,card,True,False,0
2025-02-01,21,30.86,1,30.86,1,card,True,False,0
2025-02-02,10,71.52,2,35.76,1,card,True,True,0
2025-02-02,12,71.52,2,35.76,1,card,True,False,0
2025-02-02,14,30.86,1,30.86,1,card,True,True,0
2025-02-02,16,71.52,2,35.76,1,card,True,True,0
2025-02-03,7,66.62,2,33.31,2,card,False,False,3
2025-02-03,8,51.92,2,25.96,2,card,False,True,3
2025-02-03,10,92.58,3,30.86,3,card,False,True,1
2025-02-03,13,97.48,3,32.49,2,card,False,False,3
2025-02-03,14,97.48,3,32.49,2,card,False,True,3
2025-02-03,15,61.72,2,30.86,2,card,False,True,3
2025-02-03,17,266.48,8,33.31,4,card,False,False,1
2025-02-03,18,25.96,1,25.96,1,card,False,False,2
2025-02-03,20,35.76,1,35.76,1,card,False,False,0
2025-02-04,10,56.82,2,28.41,2,card,False,True,3
2025-02-04,12,30.86,1,30.86,1,card,False,False,0
2025-02-04,13,25.96,1,25.96,1,card,False,False,2
2025-02-04,14,82.78,3,27.59,2,card,False,True,3
2025-02-04,18,30.86,1,30.86,1,card,False,False,0
2025-02-04,19,133.24,4,33.31,2,card,False,False,1
2025-02-05,8,30.86,1,30.86,1,card,False,True,0
2025-02-05,9,30.86,1,30.86,1,card,False,True,0
2025-02-05,11,108.74,4,27.18,2,card,False,False,1
2025-02-05,12,25.96,1,25.96,1,card,False,False,2
2025-02-05,13,68.08,3,22.69,2,card,False,False,3
2025-02-05,14,35.76,1,35.76,1,card,False,True,0
2025-02-05,15,35.76,1,35.76,1,card,False,True,0
2025-02-05,16,178.8,5,35.76,3,card,False,True,1
2025-02-05,18,173.9,5,34.78,3,card,False,False,1
2025-02-05,19,35.76,1,35.76,1,card,False,False,0
2025-02-05,20,35.76,1,35.76,1,card,False,False,0
2025-02-06,7,30.86,1,30.86,1,card,False,False,0
2025-02-06,13,25.96,1,25.96,1,card,False,False,2
2025-02-06,14,66.62,2,33.31,2,card,False,True,3
2025-02-06,16,35.76,1,35.76,1,card,False,True,0
2025-02-06,17,71.52,2,35.76,1,card,False,False,0
2025-02-06,19,56.82,2,28.41,2,card,False,False,3
2025-02-06,20,107.28,3,35.76,2,card,False,False,3
2025-02-07,8,30.86,1,30.86,1,card,False,True,0
2025-02-07,9,30.86,1,30.86,1,card,False,True,0
2025-02-07,10,25.96,1,25.96,1,card,False,True,2
2025-02-07,12,92.58,3,30.86,3,card,False,False,1
2025-02-07,16,133.24,4,33.31,3,card,False,True,1
2025-02-07,18,133.24,4,33.31,2,card,False,False,1
2025-02-07,20,61.72,2,30.86,2,card,False,False,3
2025-02-08,9,25.96,1,25.96,1,card,True,True,2
2025-02-08,10,30.86,1,30.86,1,card,True,True,0
2025-02-08,11,51.92,2,25.96,2,card,True,False,3
2025-02-08,12,25.96,1,25.96,1,card,True,False,2
2025-02-08,13,25.96,1,25.96,1,card,True,False,2
2025-02-08,15,51.92,2,25.96,1,card,True,True,2
2025-02-09,8,35.76,1,35.76,1,card,True,True,0
2025-02-09,10,56.82,2,28.41,2,card,True,True,3
2025-02-09,12,35.76,1,35.76,1,card,True,False,0
2025-02-09,15,143.04,4,35.76,3,card,True,True,1
2025-02-09,16,25.96,1,25.96,1,card,True,True,2
2025-02-10,7,25.96,1,25.96,1,card,False,False,2
2025-02-10,8,51.92,2,25.96,1,card,False,True,2
2025-02-10,11,30.86,1,30.86,1,card,False,False,0
2025-02-10,13,118.54,4,29.64,3,card,False,False,1
2025-02-10,14,133.24,4,33.31,3,card,False,True,1
2025-02-10,15,138.14,4,34.53,4,card,False,True,1
2025-02-10,16,35.76,1,35.76,1,card,False,True,0
2025-02-10,17,25.96,1,25.96,1,card,False,False,2
2025-02-10,18,30.86,1,30.86,1,card,False,False,0
2025-02-10,19,71.52,2,35.76,1,card,False,False,0
2025-02-11,10,25.96,1,25.96,1,card,False,True,2
2025-02-11,11,92.58,3,30.86,3,card,False,False,1
2025-02-11,15,35.76,1,35.76,1,card,False,True,0
2025-02-11,16,51.92,2,25.96,2,card,False,True,3
2025-02-11,17,154.3,5,30.86,3,card,False,False,1
2025-02-11,19,71.52,2,35.76,2,card,False,False,3
2025-02-12,7,61.72,2,30.86,2,card,False,False,3
2025-02-12,8,35.76,1,35.76,1,card,False,True,0
2025-02-12,9,30.86,1,30.86,1,card,False,True,0
2025-02-12,10,25.96,1,25.96,1,card,False,True,2
2025-02-12,12,25.96,1,25.96,1,card,False,False,2
2025-02-12,13,61.72,2,30.86,2,card,False,False,3
2025-02-12,15,107.28,3,35.76,2,card,False,True,3
2025-02-12,16,51.92,2,25.96,1,card,False,True,2
2025-02-12,17,61.72,2,30.86,2,card,False,False,3
2025-02-12,20,71.52,2,35.76,2,card,False,False,3
2025-02-12,21,35.76,1,35.76,1,card,False,False,0
2025-02-13,7,30.86,1,30.86,1,card,False,False,0
2025-02-13,8,25.96,1,25.96,1,card,False,True,2
2025-02-13,9,56.82,2,28.41,2,card,False,True,3
2025-02-13,10,61.72,2,30.86,1,card,False,True,0
2025-02-13,16,51.92,2,25.96,1,card,False,True,2
2025-02-13,17,61.72,2,30.86,1,card,False,False,0
2025-02-13,18,71.52,2,35.76,2,card,False,False,3
2025-02-13,19,35.76,1,35.76,1,card,False,False,0
2025-02-14,11,25.96,1,25.96,1,card,False,False,2
2025-02-14,14,113.64,4,28.41,4,card,False,True,1
2025-02-14,15,178.8,5,35.76,3,card,False,True,1
2025-02-14,17,113.64,4,28.41,4,card,False,False,1
2025-02-14,21,25.96,1,25.96,1,card,False,False,2
2025-02-15,9,35.76,1,35.76,1,card,True,True,0
2025-02-15,12,61.72,2,30.86,2,card,True,False,3
2025-02-15,13,61.72,2,30.86,1,card,True,False,0
2025-02-15,14,61.72,2,30.86,2,card,True,True,3
2025-02-15,15,71.52,2,35.76,1,card,True,True,0
2025-02-16,10,82.78,3,27.59,2,card,True,True,3
2025-02-16,11,61.72,2,30.86,2,card,True,False,3
2025-02-16,14,71.52,2,35.76,2,card,True,True,3
2025-02-16,17,97.48,3,32.49,2,card,True,False,3
2025-02-17,6,35.76,1,35.76,1,card,False,False,0
2025-02-17,8,25.96,1,25.96,1,card,False,True,2
2025-02-17,9,92.58,3,30.86,3,card,False,True,1
2025-02-17,10,56.82,2,28.41,2,card,False,True,3
2025-02-17,11,51.92,2,25.96,2,card,False,False,3
2025-02-17,12,35.76,1,35.76,1,card,False,False,0
2025-02-17,14,35.76,1,35.76,1,card,False,True,0
2025-02-17,15,66.62,2,33.31,2,card,False,True,3
2025-02-17,16,47.02,2,23.51,2,card,False,True,2
2025-02-17,17,30.86,1,30.86,1,card,False,False,0
2025-02-17,18,25.96,1,25.96,1,card,False,False,2
2025-02-17,19,51.92,2,25.96,1,card,False,False,2
2025-02-17,20,35.76,1,35.76,1,card,False,False,0
2025-02-18,8,51.92,2,25.96,1,card,False,True,2
2025-02-18,11,82.78,3,27.59,2,card,False,False,3
2025-02-18,12,30.86,1,30.86,1,card,False,False,0
2025-02-18,13,92.58,3,30.86,3,card,False,False,1
2025-02-18,17,159.2,5,31.84,4,card,False,False,1
2025-02-18,19,35.76,1,35.76,1,card,False,False,0
2025-02-18,20,71.52,2,35.76,2,card,False,False,3
2025-02-18,21,30.86,1,30.86,1,card,False,False,0
2025-02-19,8,87.68,3,29.23,2,card,False,True,3
2025-02-19,9,35.76,1,35.76,1,card,False,True,0
2025-02-19,10,92.58,3,30.86,3,card,False,True,1
2025-02-19,12,61.72,2,30.86,2,card,False,False,3
2025-02-19,13,25.96,1,25.96,1,card,False,False,2
2025-02-19,15,35.76,1,35.76,1,card,False,True,0
2025-02-19,17,92.58,3,30.86,3,card,False,False,1
2025-02-19,18,35.76,1,35.76,1,card,False,False,0
2025-02-19,19,143.04,4,35.76,3,card,False,False,1
2025-02-19,20,35.76,1,35.76,1,card,False,False,0
2025-02-20,7,35.76,1,35.76,1,card,False,False,0
2025-02-20,9,25.96,1,25.96,1,card,False,True,2
2025-02-20,10,113.64,4,28.41,2,card,False,True,1
2025-02-20,13,30.86,1,30.86,1,card,False,False,0
2025-02-20,14,87.68,3,29.23,2,card,False,True,3
2025-02-20,15,21.06,1,21.06,1,card,False,True,2
2025-02-20,16,71.52,2,35.76,1,card,False,True,0
2025-02-20,17,61.72,2,30.86,2,card,False,False,3
2025-02-20,18,25.96,1,25.96,1,card,False,False,2
2025-02-20,19,71.52,2,35.76,2,card,False,False,3
2025-02-20,20,35.76,1,35.76,1,card,False,False,0
2025-02-21,6,25.96,1,25.96,1,card,False,False,2
2025-02-21,9,92.58,3,30.86,3,card,False,True,1
2025-02-21,10,25.96,1,25.96,1,card,False,True,2
2025-02-21,11,30.86,1,30.86,1,card,False,False,0
2025-02-21,12,103.84,4,25.96,1,card,False,False,3
2025-02-21,13,25.96,1,25.96,1,card,False,False,2
2025-02-21,14,25.96,1,25.96,1,card,False,True,2
2025-02-21,15,113.64,4,28.41,2,card,False,True,1
2025-02-21,16,143.04,4,35.76,3,card,False,True,1
2025-02-21,19,107.28,3,35.76,2,card,False,False,3
2025-02-22,10,35.76,1,35.76,1,card,True,True,0
2025-02-22,11,51.92,2,25.96,1,card,True,False,2
2025-02-22,12,21.06,1,21.06,1,card,True,False,2
2025-02-22,15,30.86,1,30.86,1,card,True,True,0
2025-02-23,10,30.86,1,30.86,1,card,True,True,0
2025-02-23,12,61.72,2,30.86,1,card,True,False,0
2025-02-23,13,35.76,1,35.76,1,card,True,False,0
2025-02-23,14,35.76,1,35.76,1,card,True,True,0
2025-02-23,17,25.96,1,25.96,1,card,True,False,2
2025-02-24,9,66.62,2,33.31,2,card,False,True,3
2025-02-24,10,123.44,4,30.86,3,card,False,True,1
2025-02-24,12,35.76,1,35.76,1,card,False,False,0
2025-02-24,13,35.76,1,35.76,1,card,False,False,0
2025-02-24,15,30.86,1,30.86,1,card,False,True,0
2025-02-24,16,133.24,4,33.31,4,card,False,True,1
2025-02-24,17,56.82,2,28.41,2,card,False,False,3
2025-02-24,18,66.62,2,33.31,2,card,False,False,3
2025-02-24,19,138.14,4,34.53,4,card,False,False,1
2025-02-24,20,35.76,1,35.76,1,card,False,False,0
2025-02-25,8,87.68,3,29.23,2,card,False,True,3
2025-02-25,10,21.06,1,21.06,1,card,False,True,2
2025-02-25,11,51.92,2,25.96,1,card,False,False,2
2025-02-25,12,35.76,1,35.76,1,card,False,False,0
2025-02-25,14,35.76,1,35.76,1,card,False,True,0
2025-02-25,16,51.92,2,25.96,1,card,False,True,2
2025-02-25,18,35.76,1,35.76,1,card,False,False,0
2025-02-25,19,35.76,1,35.76,1,card,False,False,0
2025-02-26,8,25.96,1,25.96,1,card,False,True,2
2025-02-26,10,97.48,3,32.49,2,card,False,True,3
2025-02-26,13,71.52,2,35.76,2,card,False,False,3
2025-02-26,15,165.56,6,27.59,3,card,False,True,1
2025-02-26,16,107.28,3,35.76,2,card,False,True,3
2025-02-26,17,30.86,1,30.86,1,card,False,False,0
2025-02-26,18,71.52,2,35.76,2,card,False,False,3
2025-02-27,7,71.52,2,35.76,1,card,False,False,0
2025-02-27,10,21.06,1,21.06,1,card,False,True,2
2025-02-27,11,35.76,1,35.76,1,card,False,False,0
2025-02-27,12,35.76,1,35.76,1,card,False,False,0
2025-02-27,13,30.86,1,30.86,1,card,False,False,0
2025-02-27,14,61.72,2,30.86,2,card,False,True,3
2025-02-27,15,25.96,1,25.96,1,card,False,True,2
2025-02-27,16,25.96,1,25.96,1,card,False,True,2
2025-02-27,17,87.68,3,29.23,2,card,False,False,3
2025-02-27,18,143.04,4,35.76,3,card,False,False,1
2025-02-27,19,35.76,1,35.76,1,card,False,False,0
2025-02-27,20,35.76,1,35.76,1,card,False,False,0
2025-02-28,6,61.72,2,30.86,1,card,False,False,0
2025-02-28,7,35.76,1,35.76,1,card,False,False,0
2025-02-28,8,21.06,1,21.06,1,card,False,True,2
2025-02-28,9,30.86,1,30.86,1,card,False,True,0
2025-02-28,14,113.64,4,28.41,2,card,False,True,1
2025-02-28,15,25.96,1,25.96,1,card,False,True,2
2025-02-28,16,61.72,2,30.86,2,card,False,True,3
2025-02-28,17,118.54,4,29.64,3,card,False,False,1
2025-02-28,18,35.76,1,35.76,1,card,False,False,0
2025-03-01,10,35.76,1,35.76,1,card,True,True,0
2025-03-01,11,51.92,2,25.96,1,card,True,False,2
2025-03-01,14,35.76,1,35.76,1,card,True,True,0
2025-03-01,15,56.82,2,28.41,2,card,True,True,3
2025-03-01,16,35.76,1,35.76,1,card,True,True,0
2025-03-01,17,25.96,1,25.96,1,card,True,False,2
2025-03-02,9,35.76,1,35.76,1,card,True,True,0
2025-03-02,12,35.76,1,35.76,1,card,True,False,0
2025-03-02,13,30.86,1,30.86,1,card,True,False,0
2025-03-02,15,82.78,3,27.59,2,card,True,True,3
2025-03-03,8,35.76,1,35.76,1,card,False,True,0
2025-03-03,9,71.52,2,35.76,2,card,False,True,3
2025-03-03,10,71.52,2,35.76,1,card,False,True,0
2025-03-03,12,35.76,1,35.76,1,card,False,False,0
2025-03-03,15,61.72,2,30.86,2,card,False,True,3
2025-03-03,16,204.76,6,34.13,4,card,False,True,1
2025-03-03,17,190.06,6,31.68,3,card,False,False,1
2025-03-03,18,66.62,2,33.31,2,card,False,False,3
2025-03-04,7,61.72,2,30.86,2,card,False,False,3
2025-03-04,8,30.86,1,30.86,1,card,False,True,0
2025-03-04,9,77.88,3,25.96,1,card,False,True,3
2025-03-04,11,134.7,5,26.94,2,card,False,False,1
2025-03-04,12,35.76,1,35.76,1,card,False,False,0
2025-03-04,16,25.96,1,25.96,1,card,False,True,2
2025-03-04,18,35.76,1,35.76,1,card,False,False,0
2025-03-04,19,35.76,1,35.76,1,card,False,False,0
2025-03-04,20,35.76,1,35.76,1,card,False,False,0
2025-03-05,8,30.86,1,30.86,1,card,False,True,0
2025-03-05,9,25.96,1,25.96,1,card,False,True,2
2025-03-05,10,118.54,4,29.64,3,card,False,True,1
2025-03-05,11,123.44,4,30.86,3,card,False,False,1
2025-03-05,12,25.96,1,25.96,1,card,False,False,2
2025-03-05,15,107.28,3,35.76,2,card,False,True,3
2025-03-05,17,87.68,3,29.23,3,card,False,False,1
2025-03-05,18,35.76,1,35.76,1,card,False,False,0
2025-03-05,19,35.76,1,35.76,1,card,False,False,0
2025-03-06,9,56.82,2,28.41,2,card,False,True,3
2025-03-06,10,82.78,3,27.59,2,card,False,True,3
2025-03-06,11,61.72,2,30.86,2,card,False,False,3
2025-03-06,13,35.76,1,35.76,1,card,False,False,0
2025-03-06,16,30.86,1,30.86,1,card,False,True,0
2025-03-06,17,35.76,1,35.76,1,card,False,False,0
2025-03-06,18,35.76,1,35.76,1,card,False,False,0
2025-03-06,19,30.86,1,30.86,1,card,False,False,0
2025-03-07,7,35.76,1,35.76,1,card,False,False,0
2025-03-07,8,51.92,2,25.96,1,card,False,True,2
2025-03-07,9,25.96,1,25.96,1,card,False,True,2
2025-03-07,10,133.24,4,33.31,3,card,False,True,1
2025-03-07,11,35.76,1,35.76,1,card,False,False,0
2025-03-07,12,30.86,1,30.86,1,card,False,False,0
2025-03-07,13,61.72,2,30.86,2,card,False,False,3
2025-03-07,14,35.76,1,35.76,1,card,False,True,0
2025-03-07,15,71.52,2,35.76,1,card,False,True,0
2025-03-07,17,71.52,2,35.76,2,card,False,False,3
2025-03-08,9,61.72,2,30.86,1,card,True,True,0
2025-03-08,10,25.96,1,25.96,1,card,True,True,2
2025-03-08,11,51.92,2,25.96,1,card,True,False,2
2025-03-08,12,56.82,2,28.41,2,card,True,False,3
2025-03-08,13,35.76,1,35.76,1,card,True,False,0
2025-03-09,9,21.06,1,21.06,1,card,True,True,2
2025-03-09,11,30.86,1,30.86,1,card,True,False,0
2025-03-09,13,35.76,1,35.76,1,card,True,False,0
2025-03-09,14,25.96,1,25.96,1,card,True,True,2
2025-03-09,15,128.34,4,32.08,4,card,True,True,1
2025-03-10,8,61.72,2,30.86,2,card,False,True,3
2025-03-10,9,102.38,3,34.13,3,card,False,True,1
2025-03-10,10,35.76,1,35.76,1,card,False,True,0
2025-03-10,12,25.96,1,25.96,1,card,False,False,2
2025-03-10,15,61.72,2,30.86,2,card,False,True,3
2025-03-10,16,138.14,4,34.53,3,card,False,True,1
2025-03-10,18,97.48,3,32.49,2,card,False,False,3
2025-03-10,19,30.86,1,30.86,1,card,False,False,0
2025-03-11,8,25.96,1,25.96,1,card,False,True,2
2025-03-11,9,71.52,2,35.76,2,card,False,True,3
2025-03-11,10,25.96,1,25.96,1,card,False,True,2
2025-03-11,12,25.96,1,25.96,1,card,False,False,2
2025-03-11,13,25.96,1,25.96,1,card,False,False,2
2025-03-11,16,107.28,3,35.76,2,card,False,True,3
2025-03-11,17,35.76,1,35.76,1,card,False,False,0
2025-03-11,18,30.86,1,30.86,1,card,False,False,0
2025-03-11,19,35.76,1,35.76,1,card,False,False,0
2025-03-11,20,35.76,1,35.76,1,card,False,False,0
2025-03-12,11,154.3,5,30.86,4,card,False,False,1
2025-03-12,12,61.72,2,30.86,2,card,False,False,3
2025-03-12,13,71.52,2,35.76,1,card,False,False,0
2025-03-12,16,107.28,3,35.76,2,card,False,True,3
2025-03-12,18,149.4,5,29.88,3,card,False,False,1
2025-03-13,7,35.76,1,35.76,1,card,False,False,0
2025-03-13,8,30.86,1,30.86,1,card,False,True,0
2025-03-13,9,144.5,5,28.9,4,card,False,True,1
2025-03-13,11,25.96,1,25.96,1,card,False,False,2
2025-03-13,12,35.76,1,35.76,1,card,False,False,0
2025-03-13,14,56.82,2,28.41,2,card,False,True,3
2025-03-13,18,35.76,1,35.76,1,card,False,False,0
2025-03-14,7,25.96,1,25.96,1,card,False,False,2
2025-03-14,8,56.82,2,28.41,2,card,False,True,3
2025-03-14,9,82.78,3,27.59,3,card,False,True,1
2025-03-14,10,97.48,3,32.49,3,card,False,True,1
2025-03-14,14,61.72,2,30.86,2,card,False,True,3
2025-03-14,15,71.52,2,35.76,1,card,False,True,0
2025-03-14,16,133.24,4,33.31,2,card,False,True,1
2025-03-14,17,123.44,4,30.86,2,card,False,False,1
2025-03-14,20,25.96,1,25.96,1,card,False,False,2
2025-03-14,21,25.96,1,25.96,1,card,False,False,2
2025-03-15,9,30.86,1,30.86,1,card,True,True,0
2025-03-15,10,35.76,1,35.76,1,card,True,True,0
2025-03-15,13,25.96,1,25.96,1,card,True,False,2
2025-03-15,17,66.62,2,33.31,2,card,True,False,3
2025-03-15,19,66.62,2,33.31,2,card,True,False,3
2025-03-16,9,66.62,2,33.31,2,card,True,True,3
2025-03-16,10,35.76,1,35.76,1,card,True,True,0
2025-03-16,12,35.76,1,35.76,1,card,True,False,0
2025-03-16,14,25.96,1,25.96,1,card,True,True,2
2025-03-17,6,25.96,1,25.96,1,card,False,False,2
2025-03-17,8,51.92,2,25.96,1,card,False,True,2
2025-03-17,9,30.86,1,30.86,1,card,False,True,0
2025-03-17,10,25.96,1,25.96,1,card,False,True,2
2025-03-17,13,25.96,1,25.96,1,card,False,False,2
2025-03-17,14,107.28,3,35.76,2,card,False,True,3
2025-03-17,15,107.28,3,35.76,2,card,False,True,3
2025-03-17,16,25.96,1,25.96,1,card,False,True,2
2025-03-18,8,66.62,2,33.31,2,card,False,True,3
2025-03-18,10,61.72,2,30.86,2,card,False,True,3
2025-03-18,11,71.52,2,35.76,1,card,False,False,0
2025-03-18,14,30.86,1,30.86,1,card,False,True,0
2025-03-18,15,56.82,2,28.41,2,card,False,True,3
2025-03-18,16,82.78,3,27.59,3,card,False,True,1
2025-03-18,18,71.52,2,35.76,1,card,False,False,0
2025-03-18,20,71.52,2,35.76,1,card,False,False,0
2025-03-18,21,35.76,1,35.76,1,card,False,False,0
2025-03-19,7,87.68,3,29.23,2,card,False,False,3
2025-03-19,8,25.96,1,25.96,1,card,False,True,2
2025-03-19,10,35.76,1,35.76,1,card,False,True,0
2025-03-19,11,25.96,1,25.96,1,card,False,False,2
2025-03-19,12,25.96,1,25.96,1,card,False,False,2
2025-03-19,15,71.52,2,35.76,1,card,False,True,0
2025-03-19,16,185.16,6,30.86,3,card,False,True,1
2025-03-19,17,97.48,3,32.49,2,card,False,False,3
2025-03-19,18,68.08,3,22.69,2,card,False,False,3
2025-03-20,8,30.86,1,30.86,1,card,False,True,0
2025-03-20,9,30.86,1,30.86,1,card,False,True,0
2025-03-20,10,82.78,3,27.59,2,card,False,True,3
2025-03-20,12,25.96,1,25.96,1,card,False,False,2
2025-03-20,14,170.46,6,28.41,4,card,False,True,1
2025-03-20,15,51.92,2,25.96,1,card,False,True,2
2025-03-20,16,35.76,1,35.76,1,card,False,True,0
2025-03-20,17,25.96,1,25.96,1,card,False,False,2
2025-03-20,18,35.76,1,35.76,1,card,False,False,0
2025-03-20,19,71.52,2,35.76,2,card,False,False,3
2025-03-20,21,35.76,1,35.76,1,card,False,False,0
2025-03-21,7,61.72,2,30.86,1,card,False,False,0
2025-03-21,8,113.64,4,28.41,2,card,False,True,1
2025-03-21,11,61.72,2,30.86,2,card,False,False,3
2025-03-21,13,61.72,2,30.86,2,card,False,False,3
2025-03-21,14,35.76,1,35.76,1,card,False,True,0
2025-03-21,15,133.24,4,33.31,3,card,False,True,1
2025-03-21,17,107.28,3,35.76,2,card,False,False,3
2025-03-21,18,61.72,2,30.86,2,card,False,False,3
2025-03-22,9,30.86,1,30.86,1,card,True,True,0
2025-03-22,10,30.86,1,30.86,1,card,True,True,0
2025-03-22,11,71.52,2,35.76,2,card,True,False,3
2025-03-22,12,56.82,2,28.41,2,card,True,False,3
2025-03-22,13,56.82,2,28.41,2,card,True,False,3
2025-03-22,15,21.06,1,21.06,1,card,True,True,2
2025-03-22,16,35.76,1,35.76,1,card,True,True,0
2025-03-22,17,30.86,1,30.86,1,card,True,False,0
2025-03-22,19,30.86,1,30.86,1,card,True,False,0
2025-03-23,10,71.52,2,35.76,2,card,True,True,3
2025-03-23,14,71.52,2,35.76,1,card,True,True,0
2025-03-23,15,25.96,1,25.96,1,card,True,True,2
2025-03-23,18,35.76,1,35.76,1,card,True,False,0
